,rank,asin,stars,reviews,answers,positive votes,negative votes,price,percent discount,number sellers,Bath-Bathing-Accessories,Gift-Sets,Hair-Care-Products,Makeup,Perfumes-Fragrances,Skin-Care-Products,Tools-Accessories,Top 10,Top 20,Top 30,Top 40,Top 50,Top 60,Top 70,Top 80,Top 90,Top 100,previous rank
0,8,B004N79BYC,4.8,329,13,1,0,12.99,0,1,1,0,0,0,0,0,0,22.0,10.0,0.0,0.0,0.0,0.0,0.0,0.0,0.0,0.0,8.0
1,16,B000HK1OOY,4.7,7367,362,148,0,15.99,0,32,1,0,0,0,0,0,0,13.0,19.0,0.0,0.0,0.0,0.0,0.0,0.0,0.0,0.0,16.0
2,11,B00120VWJ0,4.7,7367,362,148,0,15.99,11,18,1,0,0,0,0,0,0,14.0,18.0,0.0,0.0,0.0,0.0,0.0,0.0,0.0,0.0,11.0
3,10,B00A6FAXOM,4.3,609,16,11,0,10.5,0,22,1,0,0,0,0,0,0,8.0,24.0,0.0,0.0,0.0,0.0,0.0,0.0,0.0,0.0,10.0
4,17,B00MOL4AIQ,4.8,3823,86,22,0,19.95,64,1,1,0,0,0,0,0,0,12.0,20.0,0.0,0.0,0.0,0.0,0.0,0.0,0.0,0.0,17.0
5,7,B00HNTPF7E,4.8,2080,71,12,0,19.99,0,1,1,0,0,0,0,0,0,32.0,0.0,0.0,0.0,0.0,0.0,0.0,0.0,0.0,0.0,7.0
6,15,B01MFGN8S5,4.9,727,19,5,1,26.8,0,1,1,0,0,0,0,0,0,0.0,28.0,4.0,0.0,0.0,0.0,0.0,0.0,0.0,0.0,15.0
7,4,B00PV15BPW,4.5,2625,85,40,0,13.95,53,1,1,0,0,0,0,0,0,32.0,0.0,0.0,0.0,0.0,0.0,0.0,0.0,0.0,0.0,4.0
8,9,B01LX9IIDJ,4.2,648,35,12,0,14.95,32,1,1,0,0,0,0,0,0,28.0,4.0,0.0,0.0,0.0,0.0,0.0,0.0,0.0,0.0,9.0
9,18,B00EP5S7HE,4.4,985,93,5,0,14.51,51,27,1,0,0,0,0,0,0,0.0,18.0,14.0,0.0,0.0,0.0,0.0,0.0,0.0,0.0,18.0
10,3,B072C29XCN,4.2,368,0,0,0,14.99,0,1,1,0,0,0,0,0,0,13.0,0.0,0.0,0.0,0.0,0.0,0.0,0.0,0.0,0.0,3.0
11,12,B01F88BMC8,4.3,292,6,6,0,8.49,65,1,1,0,0,0,0,0,0,9.0,23.0,0.0,0.0,0.0,0.0,0.0,0.0,0.0,0.0,12.0
12,5,B00QPNVC0I,4.4,1522,39,7,0,8.78,5,15,1,0,0,0,0,0,0,32.0,0.0,0.0,0.0,0.0,0.0,0.0,0.0,0.0,0.0,5.0
13,14,B00B1M0XCG,4.3,1532,65,24,0,9.57,0,4,1,0,0,0,0,0,0,14.0,3.0,15.0,0.0,0.0,0.0,0.0,0.0,0.0,0.0,14.0
14,1,B01N3BW11X,4.3,560,28,8,0,14.95,60,1,1,0,0,0,0,0,0,32.0,0.0,0.0,0.0,0.0,0.0,0.0,0.0,0.0,0.0,1.0
15,19,B007IAE5WY,4.7,1005,36,9,0,11.4,0,17,1,0,0,0,0,0,0,0.0,16.0,11.0,5.0,0.0,0.0,0.0,0.0,0.0,0.0,19.0
16,20,B00V6WZ7WW,4.3,645,20,10,0,4.97,17,16,1,0,0,0,0,0,0,0.0,1.0,19.0,7.0,5.0,0.0,0.0,0.0,0.0,0.0,20.0
17,6,B00LIBEBTG,4.6,787,24,4,0,9.98,47,1,1,0,0,0,0,0,0,17.0,15.0,0.0,0.0,0.0,0.0,0.0,0.0,0.0,0.0,6.0
18,13,B00GJ1UK3G,4.0,1124,48,9,0,9.99,0,1,1,0,0,0,0,0,0,0.0,23.0,5.0,3.0,0.0,0.0,0.0,0.0,0.0,0.0,13.0
19,2,B0046VGPHQ,4.4,5344,414,83,0,13.1,0,37,1,0,0,0,0,0,0,32.0,0.0,0.0,0.0,0.0,0.0,0.0,0.0,0.0,0.0,2.0
20,32,B008RDEI0A,4.6,337,10,1,0,30.95,0,6,1,0,0,0,0,0,0,0.0,0.0,2.0,21.0,2.0,2.0,0.0,3.0,1.0,1.0,32.0
21,21,B001CTQMIC,4.3,910,14,4,5,8.49,35,1,1,0,0,0,0,0,0,0.0,5.0,27.0,0.0,0.0,0.0,0.0,0.0,0.0,0.0,21.0
22,23,B018MU5FN6,4.7,3923,56,24,0,21.99,55,1,1,0,0,0,0,0,0,0.0,18.0,14.0,0.0,0.0,0.0,0.0,0.0,0.0,0.0,23.0
23,31,B00KVOR9VI,4.4,1478,16,9,2,13.75,45,3,1,0,0,0,0,0,0,0.0,0.0,6.0,26.0,0.0,0.0,0.0,0.0,0.0,0.0,31.0
24,28,B00ZMXCN1O,4.7,1385,45,20,0,19.95,60,1,1,0,0,0,0,0,0,0.0,0.0,18.0,10.0,4.0,0.0,0.0,0.0,0.0,0.0,28.0
25,24,B00ZRWMCXY,3.9,1643,51,25,0,13.99,53,1,1,0,0,0,0,0,0,0.0,3.0,29.0,0.0,0.0,0.0,0.0,0.0,0.0,0.0,24.0
26,38,B005IYYF5E,4.2,313,5,1,1,3.99,0,7,1,0,0,0,0,0,0,0.0,0.0,0.0,9.0,23.0,0.0,0.0,0.0,0.0,0.0,38.0
27,36,B01AJQ6LRK,3.8,271,7,0,0,3.49,30,1,1,0,0,0,0,0,0,0.0,0.0,0.0,20.0,9.0,3.0,0.0,0.0,0.0,0.0,36.0
28,33,B01DDW9RO6,4.7,6,20,0,0,11.38,0,4,1,0,0,0,0,0,0,0.0,0.0,0.0,7.0,9.0,3.0,0.0,0.0,0.0,0.0,33.0
29,25,B071YTN8PQ,4.5,54,9,3,3,24.94,0,1,1,0,0,0,0,0,0,0.0,0.0,22.0,10.0,0.0,0.0,0.0,0.0,0.0,0.0,25.0
30,40,B01BUP4T6Y,4.7,761,33,0,0,13.25,5,1,1,0,0,0,0,0,0,0.0,0.0,0.0,8.0,22.0,2.0,0.0,0.0,0.0,0.0,40.0
31,39,B017DX9CRI,4.3,877,32,75,0,12.28,5,3,1,0,0,0,0,0,0,0.0,0.0,0.0,1.0,0.0,0.0,0.0,2.0,0.0,0.0,39.0
32,26,B004N7DQHA,4.9,2417,65,76,0,34.99,0,1,1,0,0,0,0,0,0,10.0,3.0,19.0,0.0,0.0,0.0,0.0,0.0,0.0,0.0,26.0
33,29,B00B7QEBHE,4.7,273,9,1,0,8.99,0,1,1,0,0,0,0,0,0,0.0,9.0,18.0,5.0,0.0,0.0,0.0,0.0,0.0,0.0,29.0
34,35,B01EXBUFII,4.3,715,45,13,0,19.99,0,1,1,0,0,0,0,0,0,0.0,9.0,2.0,8.0,12.0,1.0,0.0,0.0,0.0,0.0,35.0
35,37,B01LK643T6,4.5,481,41,0,0,14.95,0,2,1,0,0,0,0,0,0,0.0,0.0,7.0,5.0,8.0,12.0,0.0,0.0,0.0,0.0,37.0
36,30,B0158S5BIY,4.6,578,13,6,0,17.77,53,1,1,0,0,0,0,0,0,0.0,13.0,19.0,0.0,0.0,0.0,0.0,0.0,0.0,0.0,30.0
37,22,B00KFR73NU,4.4,1053,25,7,0,6.95,0,4,1,0,0,0,0,0,0,0.0,29.0,3.0,0.0,0.0,0.0,0.0,0.0,0.0,0.0,22.0
38,27,B00YE3CPW0,4.6,1259,22,4,0,14.99,63,1,1,0,0,0,0,0,0,0.0,0.0,15.0,13.0,4.0,0.0,0.0,0.0,0.0,0.0,27.0
39,34,B071JCHR7S,4.9,2417,65,76,0,28.99,0,1,1,0,0,0,0,0,0,0.0,0.0,1.0,16.0,3.0,2.0,0.0,0.0,0.0,0.0,34.0
40,58,B01L5DBDXS,4.9,46,7,4,1,19.95,60,1,1,0,0,0,0,0,0,0.0,0.0,0.0,0.0,2.0,5.0,9.0,0.0,0.0,0.0,58.0
41,57,B00OMXWBPS,4.5,74,0,0,0,9.43,5,1,1,0,0,0,0,0,0,0.0,0.0,1.0,3.0,7.0,13.0,5.0,2.0,0.0,0.0,57.0
42,53,B01N6JG35L,4.7,22,0,0,0,2.85,5,1,1,0,0,0,0,0,0,0.0,0.0,7.0,3.0,3.0,14.0,5.0,0.0,0.0,0.0,53.0
43,44,B01A09JXNK,4.2,1085,35,6,0,10.99,27,1,1,0,0,0,0,0,0,0.0,0.0,2.0,10.0,12.0,7.0,1.0,0.0,0.0,0.0,44.0
44,41,B007THNPBS,4.4,163,0,0,0,4.87,19,32,1,0,0,0,0,0,0,0.0,0.0,0.0,19.0,13.0,0.0,0.0,0.0,0.0,0.0,41.0
45,43,B07289VCXR,4.0,416,13,2,0,12.34,5,1,1,0,0,0,0,0,0,0.0,0.0,1.0,4.0,9.0,7.0,4.0,4.0,1.0,2.0,43.0
46,49,B004N7FE8Y,4.8,290,7,3,0,19.99,0,1,1,0,0,0,0,0,0,0.0,0.0,0.0,13.0,8.0,4.0,4.0,2.0,1.0,0.0,49.0
47,54,B071XP2F8C,5.0,3,0,0,0,14.95,50,1,1,0,0,0,0,0,0,0.0,4.0,4.0,8.0,4.0,1.0,0.0,0.0,0.0,0.0,54.0
48,59,B00180DS7I,4.2,239,13,4,0,15.99,24,12,1,0,0,0,0,0,0,0.0,0.0,0.0,1.0,17.0,14.0,0.0,0.0,0.0,0.0,59.0
49,55,B06Y3KKCSL,5.0,212,0,0,0,14.95,25,1,1,0,0,0,0,0,0,0.0,0.0,0.0,0.0,0.0,11.0,17.0,1.0,2.0,1.0,55.0
50,46,B00LIBEDC6,4.5,377,12,2,3,11.95,46,1,1,0,0,0,0,0,0,0.0,0.0,0.0,6.0,14.0,11.0,1.0,0.0,0.0,0.0,46.0
51,45,B00HMSU4ZE,4.5,336,8,1,0,16.33,0,13,1,0,0,0,0,0,0,0.0,0.0,1.0,14.0,17.0,0.0,0.0,0.0,0.0,0.0,45.0
52,42,B0016ISD04,4.3,737,21,27,5,5.45,0,12,1,0,0,0,0,0,0,0.0,0.0,0.0,18.0,14.0,0.0,0.0,0.0,0.0,0.0,42.0
53,51,B00ADJEUAY,4.5,172,11,5,0,10.33,0,64,1,0,0,0,0,0,0,0.0,0.0,0.0,0.0,0.0,9.0,13.0,0.0,0.0,0.0,51.0
54,50,B00FA53Q8S,3.8,517,23,5,0,8.88,31,1,1,0,0,0,0,0,0,0.0,0.0,7.0,3.0,9.0,11.0,2.0,0.0,0.0,0.0,50.0
55,52,B005AYJ6EW,3.8,594,12,20,0,5.99,0,1,1,0,0,0,0,0,0,0.0,0.0,0.0,0.0,2.0,19.0,2.0,2.0,2.0,2.0,52.0
56,48,B001MIZMP2,4.5,1991,52,13,0,10.47,42,22,1,0,0,0,0,0,0,0.0,1.0,8.0,14.0,9.0,0.0,0.0,0.0,0.0,0.0,48.0
57,47,B00BBD508C,4.8,1202,81,56,0,27.55,5,1,1,0,0,0,0,0,0,0.0,0.0,0.0,2.0,23.0,6.0,1.0,0.0,0.0,0.0,47.0
58,56,B01LYFI1ST,4.8,496,14,10,0,24.99,38,1,1,0,0,0,0,0,0,0.0,0.0,0.0,2.0,7.0,12.0,9.0,2.0,0.0,0.0,56.0
59,60,B014527Y0W,4.0,334,19,25,2,10.95,68,1,1,0,0,0,0,0,0,0.0,0.0,1.0,0.0,0.0,10.0,10.0,7.0,2.0,2.0,60.0
60,74,B00VTHCARY,4.6,133,4,1,0,5.59,5,8,1,0,0,0,0,0,0,0.0,0.0,0.0,0.0,5.0,7.0,12.0,4.0,0.0,4.0,74.0
61,69,B014QVV9UI,5.0,10,0,0,0,4.97,23,1,1,0,0,0,0,0,0,0.0,0.0,0.0,0.0,0.0,0.0,6.0,20.0,6.0,0.0,69.0
62,63,B06XX7QQK7,4.7,31,4,1,0,11.9,40,1,1,0,0,0,0,0,0,0.0,0.0,5.0,2.0,4.0,14.0,7.0,0.0,0.0,0.0,63.0
63,73,B01J5GC24Q,5.0,3,0,0,0,7.49,0,3,1,0,0,0,0,0,0,0.0,0.0,0.0,0.0,0.0,0.0,2.0,6.0,5.0,6.0,73.0
64,62,B00CUOSTDE,4.0,39,3,0,0,10.59,0,1,1,0,0,0,0,0,0,0.0,0.0,0.0,0.0,0.0,2.0,2.0,0.0,0.0,0.0,62.0
65,66,B016DQUKE0,4.7,435,5,0,0,12.95,48,1,1,0,0,0,0,0,0,0.0,0.0,2.0,5.0,2.0,3.0,5.0,0.0,2.0,0.0,66.0
66,77,B016YWFDWW,4.6,198,6,0,0,9.99,41,1,1,0,0,0,0,0,0,0.0,0.0,0.0,0.0,1.0,2.0,9.0,13.0,5.0,1.0,77.0
67,76,B00VR9YE8C,4.2,471,11,3,0,10.99,0,1,1,0,0,0,0,0,0,0.0,0.0,0.0,5.0,3.0,5.0,18.0,1.0,0.0,0.0,76.0
68,78,B000F54AN8,3.7,3634,207,128,0,21.38,0,14,1,0,0,0,0,0,0,0.0,0.0,0.0,0.0,0.0,0.0,7.0,11.0,12.0,2.0,78.0
69,70,B004S0ETHI,4.4,214,8,1,0,18.0,0,19,1,0,0,0,0,0,0,0.0,0.0,0.0,0.0,3.0,10.0,18.0,1.0,0.0,0.0,70.0
70,79,B004GINGOY,4.7,772,57,7,0,16.99,6,1,1,0,0,0,0,0,0,0.0,0.0,0.0,0.0,0.0,0.0,0.0,11.0,6.0,4.0,79.0
71,72,B00B7QZGI2,4.8,154,10,0,0,9.99,0,1,1,0,0,0,0,0,0,0.0,0.0,0.0,0.0,0.0,1.0,16.0,12.0,2.0,0.0,72.0
72,67,B00BOUQTJG,4.3,90,9,9,0,5.68,5,11,1,0,0,0,0,0,0,0.0,0.0,0.0,2.0,3.0,9.0,13.0,5.0,0.0,0.0,67.0
73,80,B00H3MATM2,3.8,705,18,7,0,8.88,56,1,1,0,0,0,0,0,0,0.0,0.0,0.0,0.0,0.0,0.0,4.0,7.0,7.0,8.0,80.0
74,71,B0011DJICG,4.2,415,8,0,0,17.03,5,36,1,0,0,0,0,0,0,0.0,0.0,0.0,2.0,5.0,5.0,8.0,9.0,2.0,1.0,71.0
75,75,B018UJYU2Q,4.0,306,25,3,2,23.66,5,1,1,0,0,0,0,0,0,0.0,0.0,0.0,0.0,0.0,0.0,5.0,13.0,7.0,4.0,75.0
76,65,B015O21XPE,3.9,486,9,15,1,6.76,0,1,1,0,0,0,0,0,0,0.0,0.0,0.0,0.0,0.0,0.0,5.0,14.0,2.0,0.0,65.0
77,64,B01BMT8XDI,4.3,153,8,1,0,12.36,0,1,1,0,0,0,0,0,0,0.0,0.0,0.0,0.0,9.0,18.0,4.0,1.0,0.0,0.0,64.0
78,61,B01LQ77K76,4.4,149,14,1,0,11.99,0,1,1,0,0,0,0,0,0,0.0,0.0,0.0,0.0,10.0,12.0,10.0,0.0,0.0,0.0,61.0
79,68,B00VVMBRIK,4.8,754,27,7,1,19.97,56,1,1,0,0,0,0,0,0,0.0,0.0,0.0,0.0,0.0,4.0,11.0,7.0,2.0,6.0,68.0
80,84,B01B8P253K,4.3,67,4,0,0,7.99,20,1,1,0,0,0,0,0,0,0.0,0.0,0.0,0.0,0.0,3.0,9.0,6.0,9.0,3.0,84.0
81,89,B019DKVCOU,4.3,107,0,0,0,4.82,0,1,1,0,0,0,0,0,0,0.0,0.0,0.0,0.0,0.0,0.0,0.0,0.0,4.0,7.0,89.0
82,90,B01MFGP4ET,4.4,193,8,1,1,12.56,10,1,1,0,0,0,0,0,0,0.0,0.0,0.0,0.0,0.0,0.0,0.0,4.0,2.0,6.0,90.0
83,81,B0193G18AW,4.4,193,8,1,1,2.98,40,15,1,0,0,0,0,0,0,0.0,0.0,0.0,0.0,0.0,0.0,5.0,10.0,12.0,4.0,81.0
84,99,B01DMQ7VBO,4.7,120,0,0,0,16.65,0,20,1,0,0,0,0,0,0,0.0,0.0,0.0,0.0,0.0,3.0,0.0,2.0,16.0,7.0,99.0
85,83,B005IUXIHY,4.3,178,16,3,0,6.17,29,7,1,0,0,0,0,0,0,0.0,0.0,0.0,0.0,0.0,0.0,0.0,0.0,3.0,1.0,83.0
86,87,B01D8030L4,4.0,163,14,3,3,9.95,75,1,1,0,0,0,0,0,0,0.0,0.0,0.0,0.0,0.0,0.0,0.0,0.0,3.0,3.0,87.0
87,85,B06WWJJHM9,4.4,28,0,0,0,7.99,29,1,1,0,0,0,0,0,0,0.0,0.0,0.0,0.0,0.0,0.0,2.0,4.0,14.0,9.0,85.0
88,82,B000JJAVPQ,4.5,173,14,1,0,6.99,0,8,1,0,0,0,0,0,0,0.0,0.0,0.0,0.0,0.0,0.0,2.0,8.0,10.0,0.0,82.0
89,88,B016NTI9RW,4.3,587,13,4,1,14.95,50,1,1,0,0,0,0,0,0,0.0,0.0,0.0,0.0,0.0,0.0,0.0,2.0,3.0,3.0,88.0
90,91,B00LGLOKLM,3.8,102,3,0,1,4.4,0,26,1,0,0,0,0,0,0,0.0,0.0,0.0,0.0,0.0,0.0,0.0,0.0,0.0,2.0,91.0
91,95,B01N8ZYDWC,4.4,193,8,1,1,13.99,0,2,1,0,0,0,0,0,0,0.0,0.0,0.0,0.0,0.0,0.0,0.0,2.0,8.0,10.0,95.0
92,92,B001HTTBWQ,4.4,551,29,4,0,37.2,0,27,1,0,0,0,0,0,0,0.0,0.0,0.0,0.0,0.0,5.0,1.0,6.0,1.0,4.0,92.0
93,96,B01DHHJ9S6,4.6,126,6,5,0,13.97,0,1,1,0,0,0,0,0,0,0.0,0.0,0.0,0.0,0.0,0.0,0.0,2.0,7.0,4.0,96.0
94,97,B00AMO22SM,4.8,525,19,5,0,26.99,10,1,1,0,0,0,0,0,0,0.0,0.0,0.0,0.0,0.0,0.0,0.0,1.0,8.0,14.0,97.0
95,94,B01HHNQUEW,4.3,217,7,3,3,16.95,50,1,1,0,0,0,0,0,0,0.0,0.0,0.0,1.0,0.0,1.0,1.0,15.0,9.0,4.0,94.0
96,100,B000CSDDDG,4.8,598,28,10,9,7.47,0,7,1,0,0,0,0,0,0,0.0,0.0,0.0,0.0,0.0,0.0,0.0,9.0,7.0,8.0,100.0
97,98,B008MP481M,4.2,2855,38,14,0,12.5,50,1,1,0,0,0,0,0,0,0.0,0.0,0.0,0.0,0.0,1.0,3.0,10.0,8.0,7.0,98.0
98,86,B002LA1D9Y,4.5,377,16,1,0,14.9,12,1,1,0,0,0,0,0,0,0.0,0.0,0.0,0.0,0.0,0.0,6.0,14.0,8.0,2.0,86.0
99,93,B00JB8VN4E,4.0,289,10,0,3,12.65,24,3,1,0,0,0,0,0,0,0.0,0.0,0.0,0.0,0.0,0.0,3.0,6.0,12.0,9.0,93.0
100,18,B002I7N4B0,4.7,218,4,1,0,26.99,0,32,0,1,0,0,0,0,0,0.0,30.0,2.0,0.0,0.0,0.0,0.0,0.0,0.0,0.0,18.0
101,5,B00A6FAXOM,4.3,609,16,11,0,10.5,0,22,0,1,0,0,0,0,0,8.0,24.0,0.0,0.0,0.0,0.0,0.0,0.0,0.0,0.0,10.0
102,14,B01H6EHVK4,4.6,747,37,13,0,8.95,0,64,0,1,0,0,0,0,0,0.0,32.0,0.0,0.0,0.0,0.0,0.0,0.0,0.0,0.0,14.0
103,2,B00KOW827M,4.4,4302,97,22,0,8.99,75,2,0,1,0,0,0,0,0,32.0,0.0,0.0,0.0,0.0,0.0,0.0,0.0,0.0,0.0,2.0
104,17,B011JBP5DK,4.4,1377,69,37,0,11.97,37,1,0,1,0,0,0,0,0,5.0,25.0,2.0,0.0,0.0,0.0,0.0,0.0,0.0,0.0,17.0
105,15,B00M1E5F1W,3.3,2635,137,66,0,58.0,11,25,0,1,0,0,0,0,0,0.0,29.0,3.0,0.0,0.0,0.0,0.0,0.0,0.0,0.0,15.0
106,20,B01CPUVTI4,4.3,126,15,0,0,2.95,58,1,0,1,0,0,0,0,0,0.0,13.0,15.0,3.0,1.0,0.0,0.0,0.0,0.0,0.0,20.0
107,6,B01MFGN8S5,4.9,727,19,5,1,26.8,0,1,0,1,0,0,0,0,0,0.0,28.0,4.0,0.0,0.0,0.0,0.0,0.0,0.0,0.0,15.0
108,10,B00AVP37G8,4.1,1715,60,9,0,10.19,0,15,0,1,0,0,0,0,0,27.0,5.0,0.0,0.0,0.0,0.0,0.0,0.0,0.0,0.0,10.0
109,3,B00JA1AHRG,4.3,176,8,0,0,4.93,0,17,0,1,0,0,0,0,0,32.0,0.0,0.0,0.0,0.0,0.0,0.0,0.0,0.0,0.0,3.0
110,9,B014G8IYRM,4.3,2118,45,23,0,28.5,0,1,0,1,0,0,0,0,0,28.0,4.0,0.0,0.0,0.0,0.0,0.0,0.0,0.0,0.0,9.0
111,8,B015XI6NZO,4.6,649,26,8,0,12.99,74,2,0,1,0,0,0,0,0,3.0,3.0,0.0,0.0,0.0,0.0,0.0,1.0,0.0,0.0,8.0
112,1,B004UH74DA,4.6,4538,123,30,0,10.38,5,22,0,1,0,0,0,0,0,32.0,0.0,0.0,0.0,0.0,0.0,0.0,0.0,0.0,0.0,1.0
113,12,B007HJ9VFM,3.7,1250,44,6,0,7.34,57,16,0,1,0,0,0,0,0,11.0,21.0,0.0,0.0,0.0,0.0,0.0,0.0,0.0,0.0,12.0
114,7,B00MOL4AIQ,4.8,3823,86,22,0,19.95,64,1,0,1,0,0,0,0,0,12.0,20.0,0.0,0.0,0.0,0.0,0.0,0.0,0.0,0.0,17.0
115,11,B00HSE4WJG,4.4,3979,115,867,0,8.29,59,3,0,1,0,0,0,0,0,18.0,14.0,0.0,0.0,0.0,0.0,0.0,0.0,0.0,0.0,11.0
116,4,B00LNGP8GQ,4.3,509,24,4,2,14.1,12,28,0,1,0,0,0,0,0,32.0,0.0,0.0,0.0,0.0,0.0,0.0,0.0,0.0,0.0,4.0
117,19,B007MJKHPA,4.0,883,56,1,0,3.74,0,35,0,1,0,0,0,0,0,0.0,27.0,5.0,0.0,0.0,0.0,0.0,0.0,0.0,0.0,19.0
118,16,B017B9SSOW,4.4,984,27,31,0,8.99,78,2,0,1,0,0,0,0,0,1.0,28.0,3.0,0.0,0.0,0.0,0.0,0.0,0.0,0.0,16.0
119,13,B00C9358NU,4.4,848,33,11,0,15.95,60,1,0,1,0,0,0,0,0,11.0,21.0,0.0,0.0,0.0,0.0,0.0,0.0,0.0,0.0,13.0
120,45,B003HBDK24,3.7,160,0,0,0,28.19,0,22,0,1,0,0,0,0,0,0.0,1.0,14.0,15.0,2.0,0.0,0.0,0.0,0.0,0.0,45.0
121,58,B005OWBCE2,4.3,129,6,0,0,20.0,0,24,0,1,0,0,0,0,0,0.0,0.0,0.0,0.0,5.0,18.0,6.0,2.0,1.0,0.0,58.0
122,55,B001FVTWWU,4.3,460,17,4,0,5.98,36,1,0,1,0,0,0,0,0,0.0,0.0,0.0,3.0,3.0,2.0,16.0,8.0,0.0,0.0,55.0
123,51,B00HSE4WJ6,4.3,1374,79,3680,0,7.99,50,1,0,1,0,0,0,0,0,0.0,3.0,0.0,1.0,11.0,11.0,0.0,2.0,3.0,0.0,51.0
124,50,B000VSG1PO,4.1,1101,40,4,0,18.85,0,1,0,1,0,0,0,0,0,0.0,0.0,1.0,15.0,15.0,1.0,0.0,0.0,0.0,0.0,50.0
125,44,B01M19EROK,4.1,210,17,0,0,0.77,0,1,0,1,0,0,0,0,0,0.0,0.0,20.0,6.0,6.0,0.0,0.0,0.0,0.0,0.0,44.0
126,57,B000XED3JS,4.2,168,0,0,0,29.99,0,37,0,1,0,0,0,0,0,0.0,0.0,0.0,3.0,7.0,12.0,10.0,0.0,0.0,0.0,57.0
127,48,B00R9CH514,4.3,167,12,0,0,15.94,60,1,0,1,0,0,0,0,0,0.0,0.0,3.0,7.0,14.0,2.0,2.0,4.0,0.0,0.0,48.0
128,54,B01LXC2QYT,4.6,111,4,0,0,10.95,0,2,0,1,0,0,0,0,0,0.0,0.0,0.0,4.0,13.0,12.0,2.0,1.0,0.0,0.0,54.0
129,49,B00UGHNIWO,4.3,1464,46,106,0,24.95,58,1,0,1,0,0,0,0,0,0.0,0.0,0.0,2.0,10.0,13.0,5.0,2.0,0.0,0.0,49.0
130,43,B01M1CYBGQ,4.6,479,18,2,1,12.34,5,1,0,1,0,0,0,0,0,0.0,5.0,4.0,2.0,5.0,2.0,5.0,1.0,4.0,0.0,43.0
131,60,B003C54M9A,4.2,475,14,13,1,29.99,0,1,0,1,0,0,0,0,0,0.0,0.0,0.0,1.0,11.0,10.0,10.0,0.0,0.0,0.0,60.0
132,42,B01DV4YQLU,4.7,279,11,0,0,8.95,31,3,0,1,0,0,0,0,0,0.0,0.0,0.0,11.0,7.0,7.0,5.0,2.0,0.0,0.0,42.0
133,41,B014Q8YMCI,4.4,998,22,7,1,28.5,0,1,0,1,0,0,0,0,0,0.0,0.0,10.0,11.0,8.0,3.0,0.0,0.0,0.0,0.0,41.0
134,47,B004EDWMBO,4.6,745,7,18,1,9.88,0,28,0,1,0,0,0,0,0,0.0,0.0,0.0,2.0,9.0,6.0,3.0,3.0,2.0,0.0,47.0
135,56,B00WKTKBTY,4.5,468,14,15,1,21.5,38,1,0,1,0,0,0,0,0,0.0,0.0,10.0,1.0,9.0,9.0,3.0,0.0,0.0,0.0,56.0
136,46,B01MA69E8X,4.6,68,11,3,1,15.94,60,1,0,1,0,0,0,0,0,0.0,0.0,0.0,4.0,13.0,11.0,4.0,0.0,0.0,0.0,46.0
137,52,B003B8G5IY,4.3,1181,18,1,0,21.36,5,61,0,1,0,0,0,0,0,0.0,7.0,20.0,2.0,2.0,1.0,0.0,0.0,0.0,0.0,52.0
138,59,B009NPOXVK,4.5,262,4,3,0,41.14,0,1,0,1,0,0,0,0,0,0.0,0.0,7.0,7.0,9.0,6.0,3.0,0.0,0.0,0.0,59.0
139,53,B0002RI2PG,4.5,426,29,5,0,24.95,5,8,0,1,0,0,0,0,0,0.0,0.0,0.0,2.0,8.0,16.0,4.0,1.0,1.0,0.0,53.0
140,39,B016YWFDWW,4.6,198,6,0,0,9.99,41,1,0,1,0,0,0,0,0,0.0,0.0,0.0,0.0,1.0,2.0,9.0,13.0,5.0,1.0,77.0
141,26,B01BC02L6M,3.4,6,0,0,0,2.49,0,1,0,1,0,0,0,0,0,0.0,0.0,16.0,1.0,2.0,2.0,0.0,3.0,4.0,2.0,26.0
142,35,B014Q9656I,4.4,821,22,14,0,28.5,0,1,0,1,0,0,0,0,0,0.0,1.0,1.0,11.0,8.0,2.0,2.0,4.0,3.0,0.0,35.0
143,24,B014527Y0W,4.0,334,19,25,2,10.95,68,1,0,1,0,0,0,0,0,0.0,0.0,1.0,0.0,0.0,10.0,10.0,7.0,2.0,2.0,60.0
144,33,B00S0SD45M,4.5,111,0,0,0,6.99,0,1,0,1,0,0,0,0,0,0.0,0.0,1.0,20.0,8.0,2.0,1.0,0.0,0.0,0.0,33.0
145,36,B00CAF7RMW,4.4,287,25,1,0,15.95,60,1,0,1,0,0,0,0,0,0.0,0.0,0.0,14.0,6.0,1.0,1.0,1.0,2.0,0.0,36.0
146,30,B00K0RW4Q6,4.4,131,10,1,0,6.95,0,19,0,1,0,0,0,0,0,0.0,2.0,22.0,7.0,1.0,0.0,0.0,0.0,0.0,0.0,30.0
147,22,B016UMZFQU,4.1,422,34,0,0,12.99,0,1,0,1,0,0,0,0,0,0.0,5.0,17.0,2.0,7.0,1.0,0.0,0.0,0.0,0.0,22.0
148,37,B00C932DU6,4.4,124,9,1,0,15.95,60,1,0,1,0,0,0,0,0,0.0,0.0,5.0,11.0,7.0,7.0,2.0,0.0,0.0,0.0,37.0
149,31,B00JVZGO3W,4.5,177,16,4,2,7.75,0,5,0,1,0,0,0,0,0,0.0,0.0,1.0,7.0,6.0,12.0,5.0,1.0,0.0,0.0,31.0
150,21,B01BWF602S,4.2,466,21,1,0,12.99,57,1,0,1,0,0,0,0,0,0.0,25.0,7.0,0.0,0.0,0.0,0.0,0.0,0.0,0.0,21.0
151,32,B002N0U37A,4.3,1199,122,20,0,29.99,0,1,0,1,0,0,0,0,0,0.0,0.0,7.0,22.0,3.0,0.0,0.0,0.0,0.0,0.0,32.0
152,29,B00T2VV6O2,4.6,1240,77,22,0,37.94,12,35,0,1,0,0,0,0,0,0.0,0.0,4.0,9.0,7.0,4.0,5.0,3.0,0.0,0.0,29.0
153,38,B016NCLKJI,4.6,297,16,2,1,10.0,0,1,0,1,0,0,0,0,0,0.0,0.0,2.0,12.0,3.0,8.0,4.0,3.0,0.0,0.0,38.0
154,34,B00WF6VFSS,4.6,1388,36,9,0,19.97,50,1,0,1,0,0,0,0,0,0.0,0.0,0.0,9.0,18.0,5.0,0.0,0.0,0.0,0.0,34.0
155,28,B071XWZ2MG,4.9,81,7,0,0,25.99,26,1,0,1,0,0,0,0,0,0.0,0.0,4.0,12.0,15.0,0.0,0.0,0.0,0.0,0.0,28.0
156,25,B00Y1CS2XK,4.5,893,47,6,0,12.95,74,1,0,1,0,0,0,0,0,0.0,0.0,23.0,8.0,1.0,0.0,0.0,0.0,0.0,0.0,25.0
157,23,B01GOXB47Y,4.6,377,9,1,0,12.34,5,1,0,1,0,0,0,0,0,0.0,0.0,3.0,1.0,0.0,1.0,7.0,7.0,0.0,0.0,23.0
158,40,B002RSCP9W,4.6,1458,57,15,0,9.95,58,1,0,1,0,0,0,0,0,0.0,0.0,1.0,24.0,6.0,1.0,0.0,0.0,0.0,0.0,40.0
159,27,B004O276P2,4.7,821,34,10,0,36.16,0,14,0,1,0,0,0,0,0,0.0,0.0,26.0,6.0,0.0,0.0,0.0,0.0,0.0,0.0,27.0
160,65,B01ESRUYB0,4.4,226,11,1425,0,13.93,76,1,0,1,0,0,0,0,0,0.0,0.0,0.0,0.0,0.0,9.0,17.0,0.0,0.0,6.0,65.0
161,68,B00021C49W,4.4,374,12,1,0,20.29,8,18,0,1,0,0,0,0,0,0.0,0.0,0.0,0.0,0.0,2.0,10.0,8.0,2.0,2.0,68.0
162,77,B000C1ZB3I,4.5,878,10,1,3,17.06,0,66,0,1,0,0,0,0,0,0.0,0.0,0.0,0.0,1.0,5.0,10.0,11.0,3.0,1.0,77.0
163,67,B00I9L4BTI,4.4,1450,72,5,0,10.95,40,1,0,1,0,0,0,0,0,0.0,0.0,0.0,0.0,1.0,12.0,15.0,2.0,0.0,1.0,67.0
164,72,B00BYD3OXC,4.4,228,16,0,1,2.95,58,1,0,1,0,0,0,0,0,0.0,0.0,0.0,0.0,0.0,1.0,4.0,13.0,7.0,4.0,72.0
165,70,B008B9Y0EY,4.6,1810,109,77,0,9.85,30,1,0,1,0,0,0,0,0,0.0,0.0,0.0,0.0,0.0,13.0,9.0,7.0,3.0,0.0,70.0
166,74,B008B9HVYK,4.4,721,51,11,0,9.95,0,1,0,1,0,0,0,0,0,0.0,0.0,0.0,0.0,0.0,1.0,5.0,11.0,13.0,2.0,74.0
167,75,B015XPC59K,4.3,44,9,1,0,35.26,18,25,0,1,0,0,0,0,0,0.0,0.0,0.0,3.0,4.0,10.0,5.0,8.0,0.0,1.0,75.0
168,79,B00D5YHZRE,4.7,5169,224,37,0,18.49,0,9,0,1,0,0,0,0,0,0.0,0.0,0.0,0.0,0.0,0.0,0.0,5.0,17.0,3.0,79.0
169,80,B008V7EGKO,3.5,689,28,8,0,10.52,0,1,0,1,0,0,0,0,0,0.0,0.0,0.0,0.0,0.0,0.0,5.0,15.0,10.0,2.0,80.0
170,61,B06Y1NSSLR,4.5,25,0,0,0,19.95,33,1,0,1,0,0,0,0,0,0.0,0.0,9.0,1.0,0.0,2.0,11.0,2.0,3.0,3.0,61.0
171,78,B0058SY1X6,4.1,1623,156,17,0,59.99,14,9,0,1,0,0,0,0,0,0.0,0.0,0.0,0.0,1.0,6.0,8.0,15.0,2.0,0.0,78.0
172,62,B00VL1FY9Y,3.9,91,10,1,0,7.29,0,7,0,1,0,0,0,0,0,0.0,0.0,0.0,0.0,0.0,3.0,17.0,4.0,5.0,3.0,62.0
173,66,B002RUH3OM,4.7,1557,53,7,0,7.95,43,1,0,1,0,0,0,0,0,0.0,0.0,0.0,0.0,1.0,1.0,8.0,6.0,15.0,1.0,66.0
174,71,B006OHM542,4.2,343,17,0,0,5.29,0,4,0,1,0,0,0,0,0,0.0,0.0,0.0,0.0,5.0,8.0,6.0,3.0,0.0,0.0,71.0
175,64,B004O24Q8W,4.3,811,38,10,0,51.99,0,1,0,1,0,0,0,0,0,0.0,5.0,9.0,1.0,8.0,8.0,1.0,0.0,0.0,0.0,64.0
176,76,B016LGL5B4,3.9,547,25,8,0,10.38,5,3,0,1,0,0,0,0,0,0.0,0.0,0.0,0.0,0.0,0.0,0.0,1.0,0.0,0.0,76.0
177,69,B0039VOSPU,4.3,659,9,0,2,13.96,0,115,0,1,0,0,0,0,0,0.0,0.0,0.0,3.0,3.0,10.0,7.0,4.0,2.0,3.0,69.0
178,73,B00631YZS8,4.2,968,51,0,0,12.99,0,23,0,1,0,0,0,0,0,0.0,0.0,0.0,0.0,0.0,0.0,1.0,4.0,9.0,6.0,73.0
179,63,B01ACQFLAU,4.6,1319,23,10,1,12.87,0,1,0,1,0,0,0,0,0,0.0,0.0,0.0,0.0,0.0,0.0,5.0,12.0,5.0,5.0,63.0
180,99,B00U97TO6U,4.7,133,0,0,0,12.1,47,23,0,1,0,0,0,0,0,0.0,0.0,0.0,0.0,0.0,0.0,0.0,0.0,1.0,3.0,99.0
181,83,B004XZOJCI,3.7,78,10,3,0,5.99,0,7,0,1,0,0,0,0,0,0.0,0.0,0.0,0.0,0.0,0.0,0.0,0.0,2.0,6.0,83.0
182,86,B01LONJ2RS,4.5,84,3,1,0,13.95,53,1,0,1,0,0,0,0,0,0.0,0.0,2.0,3.0,6.0,2.0,2.0,6.0,11.0,0.0,86.0
183,92,B00NQGWFCQ,4.4,823,48,7,0,16.14,5,1,0,1,0,0,0,0,0,0.0,0.0,0.0,0.0,0.0,2.0,4.0,10.0,5.0,2.0,92.0
184,95,B001LNWX1O,4.2,408,8,2,0,6.79,0,1,0,1,0,0,0,0,0,0.0,0.0,0.0,0.0,1.0,3.0,4.0,3.0,9.0,5.0,95.0
185,84,B00U87LCDE,4.8,975,27,1,0,19.97,0,1,0,1,0,0,0,0,0,0.0,0.0,0.0,0.0,0.0,0.0,0.0,1.0,7.0,10.0,84.0
186,87,B00AZZ8NYK,4.3,704,26,6,0,39.95,0,22,0,1,0,0,0,0,0,0.0,0.0,0.0,0.0,0.0,0.0,2.0,9.0,7.0,2.0,87.0
187,100,B003XQ0SJ6,4.8,137,10,0,1,29.45,0,16,0,1,0,0,0,0,0,0.0,0.0,0.0,0.0,0.0,0.0,0.0,0.0,0.0,1.0,100.0
188,81,B01MT6H91G,4.2,191,23,3,0,49.99,29,1,0,1,0,0,0,0,0,0.0,0.0,0.0,0.0,0.0,0.0,0.0,2.0,15.0,0.0,81.0
189,85,B00187PWDY,4.3,299,4,0,0,6.13,39,20,0,1,0,0,0,0,0,0.0,0.0,0.0,0.0,0.0,1.0,0.0,2.0,9.0,9.0,85.0
190,98,B000GZPHES,4.1,256,6,0,0,14.84,5,8,0,1,0,0,0,0,0,0.0,0.0,0.0,0.0,0.0,2.0,8.0,4.0,7.0,2.0,98.0
191,82,B001D5599I,4.5,684,15,4,0,23.99,0,40,0,1,0,0,0,0,0,0.0,0.0,0.0,1.0,3.0,7.0,4.0,5.0,7.0,5.0,82.0
192,88,B0009OAHRI,4.5,562,5,7,0,15.42,9,33,0,1,0,0,0,0,0,0.0,0.0,0.0,0.0,0.0,0.0,0.0,6.0,15.0,9.0,88.0
193,90,B006CVXR10,4.4,303,40,6,0,17.99,18,9,0,1,0,0,0,0,0,0.0,0.0,0.0,0.0,0.0,0.0,0.0,0.0,1.0,4.0,90.0
194,97,B01A9JE6QU,4.6,756,83,7,0,24.97,58,2,0,1,0,0,0,0,0,0.0,0.0,0.0,0.0,0.0,0.0,0.0,1.0,4.0,5.0,97.0
195,94,B00NQWL2II,3.5,164,10,2,1,6.75,0,25,0,1,0,0,0,0,0,0.0,0.0,0.0,0.0,0.0,0.0,0.0,0.0,7.0,3.0,94.0
196,91,B015N4V24K,4.3,102,12,0,3,20.46,0,17,0,1,0,0,0,0,0,0.0,0.0,0.0,0.0,0.0,0.0,2.0,3.0,3.0,12.0,91.0
197,96,B0015KQUO4,4.7,153,5,0,0,26.37,0,9,0,1,0,0,0,0,0,0.0,0.0,0.0,0.0,0.0,0.0,0.0,2.0,0.0,4.0,96.0
198,93,B00CAEXO2A,4.2,168,6,1,0,15.95,60,1,0,1,0,0,0,0,0,0.0,0.0,0.0,0.0,0.0,4.0,5.0,12.0,4.0,6.0,93.0
199,89,B017JCBVAY,4.2,169,18,2,0,15.95,60,1,0,1,0,0,0,0,0,0.0,0.0,0.0,0.0,0.0,0.0,0.0,0.0,1.0,6.0,89.0
200,16,B00OKJGP74,4.4,471,11,2,0,4.99,17,1,0,0,1,0,0,0,0,12.0,13.0,7.0,0.0,0.0,0.0,0.0,0.0,0.0,0.0,12.0
201,12,B00GLO9SBG,4.3,600,33,4,0,34.85,0,34,0,0,1,0,0,0,0,0.0,26.0,5.0,1.0,0.0,0.0,0.0,0.0,0.0,0.0,15.0
202,2,B001T8QJM0,3.9,932,10,1,3,0.0,0,5,0,0,1,0,0,0,0,17.0,0.0,7.0,6.0,2.0,0.0,0.0,0.0,0.0,0.0,2.0
203,6,B00H2B4H2M,4.1,2275,212,80,0,14.99,25,17,0,0,1,0,0,0,0,17.0,15.0,0.0,0.0,0.0,0.0,0.0,0.0,0.0,0.0,5.0
204,13,B00HNTPF7E,4.8,2080,71,12,0,19.99,0,1,0,0,1,0,0,0,0,32.0,0.0,0.0,0.0,0.0,0.0,0.0,0.0,0.0,0.0,7.0
205,15,B0009KN8UA,4.3,1308,43,63,0,11.62,5,30,0,0,1,0,0,0,0,5.0,23.0,4.0,0.0,0.0,0.0,0.0,0.0,0.0,0.0,16.0
206,5,B000050FDY,4.6,625,28,5,0,8.99,36,22,0,0,1,0,0,0,0,19.0,2.0,6.0,4.0,1.0,0.0,0.0,0.0,0.0,0.0,4.0
207,9,B003S516XO,4.4,4119,228,34,0,19.96,0,18,0,0,1,0,0,0,0,24.0,8.0,0.0,0.0,0.0,0.0,0.0,0.0,0.0,0.0,9.0
208,10,B00UKVNSLC,4.4,968,113,13,0,39.97,52,10,0,0,1,0,0,0,0,19.0,6.0,2.0,5.0,0.0,0.0,0.0,0.0,0.0,0.0,10.0
209,20,B003FBI9LS,4.1,3484,173,25,0,19.9,29,53,0,0,1,0,0,0,0,10.0,3.0,18.0,0.0,0.0,1.0,0.0,0.0,0.0,0.0,51.0
210,18,B00LNGP8GQ,4.3,509,24,4,2,14.1,12,28,0,0,1,0,0,0,0,32.0,0.0,0.0,0.0,0.0,0.0,0.0,0.0,0.0,0.0,4.0
211,11,B00JA1AHRG,4.3,176,8,0,0,4.93,0,17,0,0,1,0,0,0,0,32.0,0.0,0.0,0.0,0.0,0.0,0.0,0.0,0.0,0.0,3.0
212,17,B002JPJ2ZS,3.8,2982,186,65,0,0.0,0,1,0,0,1,0,0,0,0,18.0,4.0,0.0,0.0,0.0,0.0,0.0,0.0,0.0,0.0,18.0
213,1,B0012BNVE8,3.7,1612,171,57,0,35.62,5,50,0,0,1,0,0,0,0,32.0,0.0,0.0,0.0,0.0,0.0,0.0,0.0,0.0,0.0,1.0
214,19,B015B9A91E,4.2,350,39,2,0,22.46,0,15,0,0,1,0,0,0,0,0.0,15.0,14.0,2.0,1.0,0.0,0.0,0.0,0.0,0.0,17.0
215,4,B012P4D5XM,4.4,2725,216,20,0,12.95,38,4,0,0,1,0,0,0,0,20.0,2.0,0.0,0.0,5.0,5.0,0.0,0.0,0.0,0.0,7.0
216,14,B00FH692PQ,3.6,7973,362,316,0,28.49,5,9,0,0,1,0,0,0,0,9.0,20.0,3.0,0.0,0.0,0.0,0.0,0.0,0.0,0.0,14.0
217,7,B00AINMFAC,4.6,2445,121,66,0,14.1,5,35,0,0,1,0,0,0,0,25.0,1.0,2.0,4.0,0.0,0.0,0.0,0.0,0.0,0.0,6.0
218,3,B01BFKIJ06,4.3,1758,168,37,0,24.82,5,1,0,0,1,0,0,0,0,32.0,0.0,0.0,0.0,0.0,0.0,0.0,0.0,0.0,0.0,3.0
219,8,B00GZG4KSG,4.3,518,37,8,0,16.19,46,9,0,0,1,0,0,0,0,27.0,5.0,0.0,0.0,0.0,0.0,0.0,0.0,0.0,0.0,8.0
220,54,B00NPNS9RU,4.4,309,9,5,0,2.97,0,1,0,0,1,0,0,0,0,0.0,0.0,0.0,0.0,3.0,19.0,0.0,0.0,0.0,0.0,54.0
221,41,B00I32AN4K,4.6,3486,137,72,0,12.3,5,1,0,0,1,0,0,0,0,0.0,0.0,3.0,14.0,15.0,0.0,0.0,0.0,0.0,0.0,41.0
222,52,B00DTPYGHQ,4.1,425,118,9,0,0.0,0,1,0,0,1,0,0,0,0,8.0,2.0,0.0,0.0,5.0,4.0,6.0,7.0,0.0,0.0,52.0
223,44,B000KEIPC6,4.5,970,56,6,0,9.15,5,14,0,0,1,0,0,0,0,0.0,1.0,5.0,14.0,11.0,0.0,0.0,0.0,0.0,0.0,44.0
224,42,B017S3LX8O,4.5,1778,92,13,0,12.99,0,1,0,0,1,0,0,0,0,0.0,1.0,3.0,2.0,7.0,3.0,1.0,0.0,0.0,1.0,42.0
225,47,B000O7JK0A,4.5,984,47,5,0,9.57,0,35,0,0,1,0,0,0,0,0.0,0.0,0.0,0.0,3.0,18.0,0.0,5.0,1.0,5.0,47.0
226,55,B004Z209HS,4.4,5631,187,135,0,17.09,5,19,0,0,1,0,0,0,0,0.0,0.0,1.0,1.0,8.0,9.0,7.0,0.0,0.0,0.0,55.0
227,59,B007FMXL52,4.3,844,30,4,0,16.26,0,10,0,0,1,0,0,0,0,0.0,0.0,6.0,4.0,0.0,2.0,3.0,14.0,2.0,0.0,59.0
228,50,B00CGN9LQ8,4.3,4300,73,30,0,10.77,51,1,0,0,1,0,0,0,0,0.0,0.0,0.0,0.0,8.0,18.0,6.0,0.0,0.0,0.0,50.0
229,48,B01M7ZQQ3G,3.9,314,104,6,0,7.26,0,22,0,0,1,0,0,0,0,0.0,0.0,3.0,4.0,21.0,4.0,0.0,0.0,0.0,0.0,48.0
230,49,B0009I4MKW,4.5,407,16,7,1,8.75,5,16,0,0,1,0,0,0,0,8.0,3.0,1.0,12.0,6.0,2.0,0.0,0.0,0.0,0.0,49.0
231,46,B0007506U2,4.5,1273,58,15,0,7.66,0,110,0,0,1,0,0,0,0,0.0,0.0,0.0,0.0,21.0,7.0,3.0,1.0,0.0,0.0,46.0
232,58,B002N5MIF0,4.5,1152,34,7,0,16.49,0,72,0,0,1,0,0,0,0,0.0,0.0,0.0,0.0,0.0,3.0,22.0,7.0,0.0,0.0,58.0
233,51,B000H88PCU,3.7,874,44,15,0,3.98,0,15,0,0,1,0,0,0,0,0.0,0.0,0.0,3.0,13.0,8.0,5.0,1.0,2.0,0.0,51.0
234,45,B007SZCG0C,4.3,4146,152,53,0,47.45,5,4,0,0,1,0,0,0,0,0.0,0.0,2.0,9.0,7.0,7.0,6.0,1.0,0.0,0.0,45.0
235,56,B01GTR6164,4.6,453,16,1,0,15.73,0,10,0,0,1,0,0,0,0,0.0,0.0,0.0,0.0,9.0,13.0,8.0,1.0,1.0,0.0,56.0
236,43,B00RWCDM4A,4.3,455,69,2,0,24.98,0,11,0,0,1,0,0,0,0,0.0,0.0,0.0,0.0,12.0,15.0,5.0,0.0,0.0,0.0,43.0
237,53,B01AKSOMNC,4.2,756,47,3,0,12.3,5,5,0,0,1,0,0,0,0,0.0,0.0,3.0,5.0,3.0,16.0,5.0,0.0,0.0,0.0,53.0
238,60,B01GP6MGD6,4.1,1190,92,15,0,26.95,0,2,0,0,1,0,0,0,0,0.0,5.0,1.0,5.0,9.0,9.0,3.0,0.0,0.0,0.0,60.0
239,57,B0012DL8B4,4.3,620,45,2,0,12.97,26,40,0,0,1,0,0,0,0,0.0,0.0,0.0,0.0,0.0,11.0,9.0,9.0,2.0,0.0,57.0
240,100,B00JYH2EHC,4.5,661,4,0,2,3.93,21,16,0,0,1,0,0,0,0,0.0,0.0,0.0,0.0,0.0,0.0,0.0,0.0,8.0,11.0,100.0
241,81,B00IOWGJAQ,4.1,288,24,0,2,11.95,0,11,0,0,1,0,0,0,0,0.0,0.0,0.0,0.0,0.0,0.0,0.0,2.0,4.0,2.0,81.0
242,83,B0038TVH3Y,4.4,1161,103,24,0,10.12,15,45,0,0,1,0,0,0,0,0.0,0.0,0.0,0.0,0.0,1.0,2.0,11.0,10.0,6.0,83.0
243,91,B004HY5906,4.6,139,5,0,0,44.44,33,10,0,0,1,0,0,0,0,0.0,0.0,0.0,0.0,0.0,0.0,0.0,2.0,1.0,1.0,91.0
244,95,B01HIZNVHS,4.4,2083,166,32,0,39.99,47,1,0,0,1,0,0,0,0,0.0,0.0,0.0,0.0,0.0,0.0,0.0,0.0,2.0,1.0,95.0
245,84,B006T8BXF8,3.9,720,15,17,0,3.74,5,14,0,0,1,0,0,0,0,0.0,0.0,0.0,0.0,2.0,8.0,7.0,11.0,4.0,0.0,84.0
246,99,B000NJ2218,3.9,123,3,1,0,3.48,0,6,0,0,1,0,0,0,0,0.0,0.0,0.0,0.0,0.0,0.0,1.0,1.0,5.0,4.0,99.0
247,89,B01FYEC2HU,4.8,582,30,1,0,31.99,68,1,0,0,1,0,0,0,0,0.0,0.0,0.0,0.0,0.0,0.0,0.0,0.0,5.0,7.0,89.0
248,86,B00HRADSJ6,4.5,543,33,2,0,19.5,19,12,0,0,1,0,0,0,0,0.0,0.0,0.0,0.0,0.0,0.0,1.0,12.0,12.0,7.0,86.0
249,98,B012UQJNMC,4.3,1611,84,50,0,13.95,43,1,0,0,1,0,0,0,0,0.0,0.0,0.0,0.0,0.0,0.0,0.0,1.0,5.0,15.0,98.0
250,88,B01N0993NM,4.3,115,52,8,0,30.45,0,2,0,0,1,0,0,0,0,0.0,0.0,0.0,0.0,0.0,1.0,6.0,2.0,12.0,5.0,88.0
251,87,B001LQY1X4,4.3,1376,52,10,0,12.99,24,37,0,0,1,0,0,0,0,0.0,0.0,0.0,0.0,0.0,0.0,2.0,7.0,14.0,9.0,87.0
252,96,B0026IBSVE,4.1,4565,324,79,0,20.49,24,27,0,0,1,0,0,0,0,0.0,0.0,0.0,0.0,0.0,8.0,1.0,3.0,13.0,7.0,96.0
253,90,B003NXM9HS,3.9,1014,46,4,0,46.0,0,1,0,0,1,0,0,0,0,0.0,0.0,0.0,0.0,0.0,0.0,0.0,5.0,12.0,2.0,90.0
254,82,B0041W9S4W,4.4,1046,61,4,0,13.99,22,35,0,0,1,0,0,0,0,0.0,0.0,0.0,0.0,0.0,0.0,0.0,0.0,10.0,8.0,82.0
255,93,B000FKHYA4,4.3,42,0,0,0,16.56,45,18,0,0,1,0,0,0,0,0.0,0.0,0.0,0.0,0.0,0.0,0.0,1.0,4.0,11.0,93.0
256,85,B00IHDSDG0,4.4,977,49,6,0,39.5,34,31,0,0,1,0,0,0,0,0.0,0.0,0.0,0.0,0.0,0.0,0.0,12.0,7.0,5.0,85.0
257,97,B01LZDQN9N,4.3,30,0,0,0,4.84,19,7,0,0,1,0,0,0,0,0.0,0.0,0.0,0.0,0.0,0.0,0.0,0.0,0.0,5.0,97.0
258,94,B00AWK6MF0,4.4,454,15,4,1,22.0,8,1,0,0,1,0,0,0,0,0.0,0.0,0.0,0.0,0.0,0.0,0.0,2.0,1.0,12.0,94.0
259,92,B004YNJZUA,4.6,600,12,1,1,0.0,0,12,0,0,1,0,0,0,0,0.0,0.0,0.0,0.0,0.0,0.0,0.0,0.0,0.0,3.0,92.0
260,64,B003CTTZQQ,4.4,3619,291,14,0,14.91,7,2,0,0,1,0,0,0,0,0.0,0.0,0.0,0.0,0.0,0.0,7.0,9.0,2.0,1.0,64.0
261,63,B000YACKO0,4.1,2041,59,7,0,15.2,0,53,0,0,1,0,0,0,0,0.0,0.0,0.0,0.0,0.0,2.0,15.0,5.0,4.0,5.0,63.0
262,74,B000MD65FO,4.4,740,40,10,0,38.63,0,31,0,0,1,0,0,0,0,0.0,0.0,0.0,0.0,0.0,0.0,5.0,13.0,6.0,6.0,74.0
263,71,B00MMRFUG8,4.2,870,59,18,0,19.99,0,6,0,0,1,0,0,0,0,0.0,0.0,0.0,0.0,0.0,6.0,12.0,13.0,1.0,0.0,71.0
264,78,B00132ZG3U,4.2,2115,163,41,0,23.21,16,16,0,0,1,0,0,0,0,0.0,0.0,0.0,0.0,0.0,0.0,0.0,14.0,12.0,3.0,78.0
265,68,B0006ZTEQK,4.4,1237,108,6,0,14.88,0,48,0,0,1,0,0,0,0,0.0,0.0,0.0,0.0,0.0,3.0,14.0,7.0,8.0,0.0,68.0
266,65,B00BFJGJLE,4.5,1778,92,13,0,12.99,0,1,0,0,1,0,0,0,0,0.0,2.0,11.0,2.0,1.0,2.0,4.0,0.0,1.0,1.0,65.0
267,77,B00L4FQVB2,4.3,3549,171,70,0,9.45,5,1,0,0,1,0,0,0,0,0.0,0.0,0.0,0.0,0.0,0.0,8.0,14.0,9.0,0.0,77.0
268,61,B00TB00HPS,4.2,483,12,0,1,6.4,5,17,0,0,1,0,0,0,0,0.0,0.0,0.0,0.0,1.0,11.0,7.0,8.0,5.0,0.0,61.0
269,73,B00BSE0JSK,4.3,101,6,2,0,9.99,0,8,0,0,1,0,0,0,0,0.0,1.0,3.0,3.0,2.0,1.0,2.0,13.0,6.0,1.0,73.0
270,66,B0045OR410,4.2,1205,73,15,0,51.01,0,16,0,0,1,0,0,0,0,0.0,0.0,0.0,0.0,0.0,4.0,17.0,6.0,3.0,1.0,66.0
271,80,B01H50VVNW,3.7,92,0,0,0,7.98,0,1,0,0,1,0,0,0,0,0.0,0.0,0.0,0.0,0.0,0.0,0.0,1.0,4.0,3.0,80.0
272,75,B00UB6E4IM,4.6,165,2,0,1,4.36,0,1,0,0,1,0,0,0,0,0.0,0.0,0.0,0.0,11.0,4.0,15.0,2.0,0.0,0.0,75.0
273,62,B000MIKEZQ,4.2,608,35,12,0,20.9,5,1,0,0,1,0,0,0,0,0.0,0.0,0.0,0.0,0.0,17.0,3.0,6.0,4.0,2.0,62.0
274,76,B00I3N6RDU,4.7,400,20,6,2,4.94,0,1,0,0,1,0,0,0,0,0.0,0.0,0.0,0.0,0.0,4.0,10.0,3.0,2.0,1.0,76.0
275,70,B00GMAWI66,4.6,3904,109,15,0,9.45,5,5,0,0,1,0,0,0,0,0.0,0.0,0.0,0.0,0.0,8.0,10.0,6.0,5.0,3.0,70.0
276,72,B002RGRJC2,4.0,876,25,7,4,37.0,0,35,0,0,1,0,0,0,0,0.0,0.0,0.0,0.0,0.0,8.0,17.0,7.0,0.0,0.0,72.0
277,69,B00390DN34,4.2,1651,48,4,0,9.11,5,38,0,0,1,0,0,0,0,0.0,0.0,0.0,0.0,0.0,1.0,23.0,7.0,0.0,0.0,69.0
278,79,B005IHT8KI,4.6,1309,49,7,0,4.59,5,65,0,0,1,0,0,0,0,0.0,0.0,0.0,0.0,1.0,12.0,8.0,7.0,3.0,1.0,79.0
279,67,B000V8MTIC,3.9,1476,280,31,0,11.97,0,43,0,0,1,0,0,0,0,0.0,0.0,0.0,0.0,2.0,0.0,4.0,10.0,11.0,5.0,67.0
280,29,B000NJG82W,4.2,1711,40,14,0,3.4,77,25,0,0,1,0,0,0,0,0.0,12.0,20.0,0.0,0.0,0.0,0.0,0.0,0.0,0.0,29.0
281,30,B00VRAG5R4,4.5,3034,128,19,0,0.0,0,1,0,0,1,0,0,0,0,0.0,2.0,18.0,7.0,5.0,0.0,0.0,0.0,0.0,0.0,30.0
282,38,B0182XCOGE,4.6,2491,66,14,0,11.28,0,1,0,0,1,0,0,0,0,0.0,0.0,1.0,9.0,19.0,1.0,0.0,0.0,0.0,0.0,38.0
283,26,B00TUJW9L0,4.4,191,41,3,0,12.62,16,22,0,0,1,0,0,0,0,0.0,0.0,7.0,13.0,9.0,2.0,1.0,0.0,0.0,0.0,26.0
284,39,B00UB6OSAQ,4.5,217,9,3,0,3.5,0,1,0,0,1,0,0,0,0,0.0,0.0,9.0,17.0,6.0,0.0,0.0,0.0,0.0,0.0,39.0
285,22,B0046KFZC8,4.0,1482,101,8,0,18.22,0,37,0,0,1,0,0,0,0,0.0,3.0,15.0,10.0,4.0,0.0,0.0,0.0,0.0,0.0,22.0
286,27,B0000Y8H3S,3.7,713,106,6,0,36.26,5,18,0,0,1,0,0,0,0,0.0,6.0,19.0,7.0,0.0,0.0,0.0,0.0,0.0,0.0,27.0
287,40,B010TFM3WS,4.1,776,8,1,0,5.36,0,1,0,0,1,0,0,0,0,0.0,0.0,6.0,12.0,14.0,0.0,0.0,0.0,0.0,0.0,40.0
288,25,B00I847SXW,4.4,302,26,3,1,32.0,0,14,0,0,1,0,0,0,0,0.0,29.0,2.0,1.0,0.0,0.0,0.0,0.0,0.0,0.0,25.0
289,36,B00821ZHMK,4.5,5456,102,42,0,8.99,36,25,0,0,1,0,0,0,0,0.0,0.0,3.0,9.0,11.0,9.0,0.0,0.0,0.0,0.0,36.0
290,32,B0050QJHTO,4.2,6469,335,92,0,23.71,5,14,0,0,1,0,0,0,0,0.0,11.0,14.0,7.0,0.0,0.0,0.0,0.0,0.0,0.0,32.0
291,37,B017IA5H0M,4.1,627,88,12,0,12.87,57,1,0,0,1,0,0,0,0,0.0,3.0,7.0,14.0,8.0,0.0,0.0,0.0,0.0,0.0,37.0
292,31,B001KYPZ4G,3.8,1112,101,33,0,8.05,5,26,0,0,1,0,0,0,0,0.0,0.0,0.0,21.0,11.0,0.0,0.0,0.0,0.0,0.0,31.0
293,35,B003YJ6I78,4.6,621,19,5,1,13.23,56,37,0,0,1,0,0,0,0,0.0,0.0,0.0,15.0,17.0,0.0,0.0,0.0,0.0,0.0,35.0
294,33,B00M6I5SNI,3.5,1026,144,49,0,33.15,5,13,0,0,1,0,0,0,0,0.0,0.0,3.0,18.0,10.0,1.0,0.0,0.0,0.0,0.0,33.0
295,24,B00GWTQSI6,4.0,916,84,9,0,29.84,39,25,0,0,1,0,0,0,0,0.0,6.0,14.0,12.0,0.0,0.0,0.0,0.0,0.0,0.0,24.0
296,21,B00DTQ07KK,4.3,1202,51,8,0,29.95,0,24,0,0,1,0,0,0,0,0.0,0.0,4.0,13.0,2.0,4.0,2.0,3.0,3.0,1.0,21.0
297,28,B00L1KFQKC,4.2,4604,165,82,0,9.45,62,1,0,0,1,0,0,0,0,0.0,0.0,25.0,7.0,0.0,0.0,0.0,0.0,0.0,0.0,28.0
298,34,B002N5MI2S,4.5,1679,123,18,0,7.49,0,59,0,0,1,0,0,0,0,0.0,0.0,9.0,21.0,2.0,0.0,0.0,0.0,0.0,0.0,34.0
299,23,B00LMIVLXY,4.3,2769,99,29,0,14.2,5,1,0,0,1,0,0,0,0,0.0,20.0,12.0,0.0,0.0,0.0,0.0,0.0,0.0,0.0,23.0
300,8,B00PGQYEUK,4.4,1329,62,21,0,5.99,25,27,0,0,0,1,0,0,0,27.0,5.0,0.0,0.0,0.0,0.0,0.0,0.0,0.0,0.0,8.0
301,15,B019EXWVQY,4.3,3328,147,265,0,34.99,0,1,0,0,0,1,0,0,0,0.0,32.0,0.0,0.0,0.0,0.0,0.0,0.0,0.0,0.0,15.0
302,10,B0000YUXI0,4.3,5647,113,30,0,14.95,0,6,0,0,0,1,0,0,0,22.0,10.0,0.0,0.0,0.0,0.0,0.0,0.0,0.0,0.0,10.0
303,18,B0169YXWM8,3.7,207,6,6,0,3.95,5,11,0,0,0,1,0,0,0,0.0,3.0,0.0,0.0,0.0,0.0,0.0,0.0,0.0,0.0,18.0
304,5,B0186U9736,4.7,2489,167,12,0,14.2,5,1,0,0,0,1,0,0,0,32.0,0.0,0.0,0.0,0.0,0.0,0.0,0.0,0.0,0.0,5.0
305,3,B00UYY2GUO,3.7,8645,522,58,0,17.93,5,3,0,0,0,1,0,0,0,32.0,0.0,0.0,0.0,0.0,0.0,0.0,0.0,0.0,0.0,3.0
306,12,B01MQS7GFT,4.4,672,35,1683,0,29.99,0,5,0,0,0,1,0,0,0,16.0,15.0,1.0,0.0,0.0,0.0,0.0,0.0,0.0,0.0,12.0
307,1,B00MLBPDQ2,4.6,980,27,9,0,18.73,5,31,0,0,0,1,0,0,0,26.0,0.0,0.0,4.0,2.0,0.0,0.0,0.0,0.0,0.0,1.0
308,7,B00H7KTEZ8,4.7,2644,58,24,0,13.16,5,1,0,0,0,1,0,0,0,32.0,0.0,0.0,0.0,0.0,0.0,0.0,0.0,0.0,0.0,7.0
309,4,B00UYY2GSQ,3.7,8645,522,58,0,16.72,5,3,0,0,0,1,0,0,0,32.0,0.0,0.0,0.0,0.0,0.0,0.0,0.0,0.0,0.0,4.0
310,17,B011QHFB4A,4.8,1035,38,13,0,11.99,5,1,0,0,0,1,0,0,0,3.0,27.0,2.0,0.0,0.0,0.0,0.0,0.0,0.0,0.0,17.0
311,9,B01AAQD2NU,4.4,2321,87,28,0,29.99,57,18,0,0,0,1,0,0,0,19.0,13.0,0.0,0.0,0.0,0.0,0.0,0.0,0.0,0.0,9.0
312,14,B00PF9Q5EG,4.3,748,49,5,0,10.99,0,1,0,0,0,1,0,0,0,1.0,31.0,0.0,0.0,0.0,0.0,0.0,0.0,0.0,0.0,14.0
313,13,B0058E3XJI,4.1,3531,131,9,0,14.25,0,20,0,0,0,1,0,0,0,5.0,25.0,2.0,0.0,0.0,0.0,0.0,0.0,0.0,0.0,13.0
314,2,B00IOZWC2M,4.3,5779,216,20,0,14.2,5,1,0,0,0,1,0,0,0,22.0,0.0,0.0,0.0,0.0,0.0,0.0,0.0,0.0,0.0,2.0
315,11,B004BCXAM8,4.1,2393,35,7,0,5.69,5,11,0,0,0,1,0,0,0,13.0,9.0,5.0,4.0,0.0,0.0,0.0,0.0,0.0,1.0,11.0
316,16,B0031NNE56,4.2,3911,78,11,0,22.0,0,1,0,0,0,1,0,0,0,5.0,27.0,0.0,0.0,0.0,0.0,0.0,0.0,0.0,0.0,16.0
317,20,B00VKHKH8C,4.2,3916,245,73,0,12.95,68,1,0,0,0,1,0,0,0,1.0,26.0,2.0,0.0,0.0,0.0,2.0,0.0,0.0,0.0,20.0
318,19,B06XF2TR11,4.1,118,4,0,0,8.99,0,1,0,0,0,1,0,0,0,1.0,6.0,15.0,7.0,3.0,0.0,0.0,0.0,0.0,0.0,19.0
319,6,B01GYBSLFO,4.4,407,61,8,0,10.97,5,1,0,0,0,1,0,0,0,2.0,3.0,12.0,13.0,0.0,0.0,0.0,1.0,1.0,0.0,6.0
320,34,B00GMAWI66,4.6,3904,109,15,0,9.45,5,5,0,0,0,1,0,0,0,0.0,0.0,0.0,0.0,0.0,8.0,10.0,6.0,5.0,3.0,70.0
321,26,B0182G7AQ0,4.5,174,4,0,0,8.97,0,1,0,0,0,1,0,0,0,6.0,8.0,18.0,0.0,0.0,0.0,0.0,0.0,0.0,0.0,27.0
322,21,B00027D0DU,4.2,343,3,0,0,4.49,25,8,0,0,0,1,0,0,0,2.0,26.0,4.0,0.0,0.0,0.0,0.0,0.0,0.0,0.0,23.0
323,40,B00FBF1904,4.4,482,28,9,0,4.0,0,12,0,0,0,1,0,0,0,0.0,0.0,5.0,11.0,15.0,1.0,0.0,0.0,0.0,0.0,40.0
324,31,B06XDQ84NF,4.1,118,4,0,0,8.52,5,1,0,0,0,1,0,0,0,0.0,0.0,9.0,10.0,1.0,1.0,1.0,0.0,0.0,0.0,29.0
325,39,B007NNU2WI,3.9,440,36,6,0,9.97,5,1,0,0,0,1,0,0,0,0.0,3.0,0.0,19.0,0.0,0.0,0.0,0.0,0.0,2.0,38.0
326,25,B00150LT40,4.4,4662,44,23,0,6.0,40,109,0,0,0,1,0,0,0,0.0,0.0,18.0,13.0,1.0,0.0,0.0,0.0,0.0,0.0,25.0
327,27,B00HVI8WYU,4.0,1100,57,23,0,5.99,0,21,0,0,0,1,0,0,0,0.0,0.0,19.0,13.0,0.0,0.0,0.0,0.0,0.0,0.0,26.0
328,32,B06X18521Y,4.8,136,8,3,0,14.85,49,1,0,0,0,1,0,0,0,0.0,0.0,4.0,18.0,3.0,6.0,1.0,0.0,0.0,0.0,33.0
329,33,B00OWZ0TVE,4.1,1311,31,18,0,7.39,0,2,0,0,0,1,0,0,0,0.0,3.0,11.0,17.0,1.0,0.0,0.0,0.0,0.0,0.0,32.0
330,38,B0080G8Q2U,3.8,417,15,8,1,22.5,0,21,0,0,0,1,0,0,0,0.0,0.0,1.0,12.0,9.0,6.0,0.0,1.0,0.0,0.0,39.0
331,36,B006UET4XE,4.0,2736,54,37,0,6.05,5,29,0,0,0,1,0,0,0,0.0,2.0,14.0,8.0,1.0,0.0,1.0,0.0,2.0,1.0,37.0
332,37,B01HCZUEUQ,4.2,878,9,0,43,10.99,0,1,0,0,0,1,0,0,0,0.0,0.0,0.0,3.0,4.0,5.0,4.0,3.0,4.0,6.0,35.0
333,29,B004HYRH06,4.2,825,21,2,2,6.26,5,27,0,0,0,1,0,0,0,0.0,0.0,18.0,14.0,0.0,0.0,0.0,0.0,0.0,0.0,31.0
334,28,B000US084U,4.5,916,32,14,0,14.79,29,28,0,0,0,1,0,0,0,0.0,2.0,21.0,3.0,4.0,0.0,0.0,0.0,0.0,0.0,28.0
335,35,B00NBCD7MW,4.3,4387,87,17,0,19.97,60,1,0,0,0,1,0,0,0,0.0,0.0,0.0,18.0,13.0,1.0,0.0,0.0,0.0,0.0,34.0
336,24,B00VKIJPNE,3.8,1696,81,3,0,2.38,41,24,0,0,0,1,0,0,0,0.0,11.0,18.0,3.0,0.0,0.0,0.0,0.0,0.0,0.0,22.0
337,30,B00UYY2GXG,3.7,8645,522,58,0,20.68,5,3,0,0,0,1,0,0,0,0.0,0.0,32.0,0.0,0.0,0.0,0.0,0.0,0.0,0.0,30.0
338,22,B004Y9GTYE,4.3,3228,230,68,0,6.91,5,17,0,0,0,1,0,0,0,0.0,18.0,6.0,1.0,0.0,1.0,3.0,0.0,1.0,1.0,101.0
339,23,B00U4CM8ZE,4.4,1617,74,7,0,20.0,0,2,0,0,0,1,0,0,0,0.0,0.0,31.0,1.0,0.0,0.0,0.0,0.0,0.0,0.0,24.0
340,54,B00PFCT2R0,4.2,801,8,0,0,6.4,5,9,0,0,0,1,0,0,0,0.0,0.0,0.0,0.0,3.0,13.0,7.0,3.0,4.0,2.0,51.0
341,49,B018IZXILQ,4.0,285,34,0,0,29.8,0,23,0,0,0,1,0,0,0,0.0,0.0,0.0,0.0,1.0,16.0,14.0,1.0,0.0,0.0,52.0
342,55,B00P0Q0T28,4.1,749,31,5,0,0.0,0,1,0,0,0,1,0,0,0,0.0,0.0,6.0,2.0,2.0,3.0,7.0,12.0,0.0,0.0,54.0
343,58,B012W6AINS,3.9,298,24,0,0,49.75,0,12,0,0,0,1,0,0,0,0.0,0.0,0.0,0.0,0.0,7.0,16.0,6.0,0.0,2.0,101.0
344,46,B002ZTVMDI,4.2,870,11,2,3,3.98,5,20,0,0,0,1,0,0,0,3.0,4.0,0.0,2.0,19.0,4.0,0.0,0.0,0.0,0.0,47.0
345,59,B0043WJ3OA,4.1,615,91,51,0,6.64,5,21,0,0,0,1,0,0,0,0.0,0.0,0.0,0.0,0.0,13.0,8.0,6.0,0.0,2.0,101.0
346,60,B00ZF80T0I,4.3,1485,95,353,0,12.3,5,1,0,0,0,1,0,0,0,0.0,0.0,3.0,5.0,4.0,13.0,6.0,0.0,0.0,0.0,101.0
347,43,B01DPA6OHO,4.3,1130,8,3,0,5.69,5,13,0,0,0,1,0,0,0,0.0,0.0,0.0,8.0,23.0,1.0,0.0,0.0,0.0,0.0,42.0
348,50,B00B1DRA94,4.3,958,14,5,0,6.76,5,19,0,0,0,1,0,0,0,0.0,0.0,0.0,1.0,12.0,10.0,2.0,0.0,0.0,1.0,50.0
349,45,B00U2VQZDS,4.6,980,27,9,0,8.52,5,6,0,0,0,1,0,0,0,0.0,0.0,3.0,13.0,12.0,3.0,1.0,0.0,0.0,0.0,46.0
350,56,B071CTWBJ9,4.5,59,5,10,0,10.95,65,1,0,0,0,1,0,0,0,0.0,0.0,0.0,0.0,4.0,2.0,1.0,0.0,6.0,4.0,56.0
351,51,B00XIQVA7U,4.7,154,18,0,1,17.99,18,1,0,0,0,1,0,0,0,0.0,0.0,5.0,11.0,13.0,3.0,0.0,0.0,0.0,0.0,48.0
352,48,B00B4YY1GU,4.2,484,25,12,0,5.99,25,1,0,0,0,1,0,0,0,0.0,0.0,0.0,6.0,14.0,2.0,0.0,0.0,3.0,6.0,53.0
353,53,B004Y9GTOO,4.3,3228,230,68,0,6.64,5,16,0,0,0,1,0,0,0,0.0,0.0,0.0,0.0,1.0,21.0,1.0,6.0,1.0,2.0,55.0
354,42,B00AVP37G8,4.1,1715,60,9,0,10.19,0,15,0,0,0,1,0,0,0,27.0,5.0,0.0,0.0,0.0,0.0,0.0,0.0,0.0,0.0,10.0
355,44,B01C2EFBZU,3.9,1138,79,4,0,49.99,23,4,0,0,0,1,0,0,0,0.0,0.0,9.0,1.0,4.0,9.0,5.0,1.0,0.0,0.0,44.0
356,41,B0081E6X2Q,4.5,368,3,0,0,5.98,14,29,0,0,0,1,0,0,0,0.0,0.0,9.0,19.0,4.0,0.0,0.0,0.0,0.0,0.0,41.0
357,47,B00SY7UYTS,4.4,1168,19,4,1,1.99,0,1,0,0,0,1,0,0,0,0.0,0.0,0.0,2.0,18.0,8.0,4.0,0.0,0.0,0.0,45.0
358,52,B001UE60E0,4.6,2043,74,16,0,26.51,5,35,0,0,0,1,0,0,0,0.0,0.0,0.0,0.0,15.0,9.0,8.0,0.0,0.0,0.0,49.0
359,57,B013AX6U6Q,4.4,1701,61,27,0,29.44,41,3,0,0,0,1,0,0,0,0.0,0.0,0.0,0.0,13.0,14.0,5.0,0.0,0.0,0.0,60.0
360,65,B00J3G8342,3.9,264,98,6,0,29.99,0,7,0,0,0,1,0,0,0,0.0,0.0,0.0,0.0,0.0,5.0,12.0,8.0,5.0,1.0,65.0
361,64,B00SZMYJAW,3.9,264,98,6,0,23.33,0,20,0,0,0,1,0,0,0,0.0,0.0,0.0,8.0,5.0,4.0,4.0,3.0,3.0,4.0,64.0
362,74,B014PVXY5W,4.1,1305,113,21,0,24.99,29,1,0,0,0,1,0,0,0,0.0,0.0,0.0,0.0,0.0,0.0,0.0,4.0,7.0,11.0,74.0
363,73,B00LE99PA2,4.3,8729,219,217,0,0.0,0,1,0,0,0,1,0,0,0,7.0,8.0,0.0,3.0,10.0,1.0,2.0,1.0,0.0,0.0,73.0
364,70,B00819JNLE,4.4,907,46,6,0,4.94,18,32,0,0,0,1,0,0,0,0.0,0.0,0.0,0.0,0.0,0.0,12.0,8.0,4.0,5.0,70.0
365,62,B00BUPN6UA,4.1,386,46,8,0,12.95,0,1,0,0,0,1,0,0,0,0.0,0.0,0.0,0.0,14.0,13.0,3.0,1.0,0.0,0.0,62.0
366,79,B00HD5NRSC,4.2,25,6,2,0,21.24,39,56,0,0,0,1,0,0,0,0.0,0.0,0.0,0.0,0.0,0.0,0.0,5.0,8.0,5.0,79.0
367,77,B000BNG4VU,4.3,818,80,6,0,0.0,0,1,0,0,0,1,0,0,0,0.0,0.0,0.0,0.0,0.0,2.0,7.0,10.0,5.0,7.0,77.0
368,69,B00Z1XBS8O,4.2,703,80,17,0,24.98,50,1,0,0,0,1,0,0,0,0.0,0.0,0.0,0.0,0.0,2.0,9.0,8.0,8.0,2.0,69.0
369,63,B01L2N2ZTC,4.7,96,10,0,0,11.95,48,1,0,0,0,1,0,0,0,0.0,0.0,0.0,9.0,10.0,6.0,5.0,2.0,0.0,0.0,63.0
370,67,B01AKTZFZU,3.9,253,16,2,1,22.7,43,26,0,0,0,1,0,0,0,0.0,0.0,0.0,0.0,1.0,10.0,11.0,9.0,0.0,1.0,67.0
371,68,B00EMAM9BC,4.4,885,10,6,1,5.89,0,32,0,0,0,1,0,0,0,0.0,0.0,0.0,0.0,0.0,2.0,19.0,7.0,4.0,0.0,68.0
372,75,B01CNZMMV4,4.5,1757,32,5,0,15.95,60,1,0,0,0,1,0,0,0,0.0,0.0,3.0,0.0,0.0,10.0,13.0,5.0,0.0,0.0,75.0
373,71,B002B4JORS,4.1,524,13,1,0,2.99,0,26,0,0,0,1,0,0,0,0.0,0.0,0.0,0.0,1.0,7.0,7.0,17.0,0.0,0.0,71.0
374,61,B003I6O5RC,4.2,1173,16,7,4,4.98,5,14,0,0,0,1,0,0,0,0.0,0.0,0.0,5.0,6.0,9.0,3.0,2.0,0.0,1.0,61.0
375,80,B004Y9GVZG,4.3,3228,230,68,0,7.54,5,12,0,0,0,1,0,0,0,0.0,0.0,0.0,0.0,0.0,5.0,7.0,10.0,5.0,5.0,80.0
376,72,B001IAINFU,4.2,1302,31,5,0,7.12,5,13,0,0,0,1,0,0,0,0.0,0.0,0.0,1.0,2.0,11.0,7.0,4.0,5.0,2.0,72.0
377,76,B00XENXJTO,4.7,492,27,11,1,6.95,0,1,0,0,0,1,0,0,0,0.0,0.0,0.0,0.0,0.0,0.0,16.0,10.0,6.0,0.0,76.0
378,66,B00HE08KUQ,3.9,152,14,2,1,17.99,0,14,0,0,0,1,0,0,0,0.0,0.0,0.0,0.0,0.0,6.0,14.0,12.0,0.0,0.0,66.0
379,78,B00KKCTFEA,3.7,93,11,1,1,1.54,0,27,0,0,0,1,0,0,0,0.0,0.0,0.0,0.0,0.0,1.0,5.0,17.0,8.0,0.0,78.0
380,84,B01FME7RM2,4.0,47,3,0,0,8.89,0,3,0,0,0,1,0,0,0,0.0,0.0,0.0,0.0,0.0,0.0,0.0,0.0,7.0,2.0,84.0
381,92,B004BCXEF6,3.9,605,8,0,0,5.55,5,17,0,0,0,1,0,0,0,0.0,0.0,0.0,0.0,3.0,3.0,1.0,0.0,3.0,10.0,90.0
382,87,B01L6I69ZY,3.4,176,23,2,0,2.7,0,1,0,0,0,1,0,0,0,0.0,0.0,0.0,0.0,0.0,0.0,0.0,0.0,0.0,13.0,92.0
383,86,B00L1CYB7O,3.8,297,17,1,0,14.99,0,10,0,0,0,1,0,0,0,0.0,0.0,0.0,0.0,0.0,0.0,6.0,13.0,11.0,0.0,86.0
384,83,B004Y9GV60,4.3,3228,230,68,0,6.91,5,14,0,0,0,1,0,0,0,0.0,0.0,0.0,0.0,0.0,1.0,6.0,5.0,9.0,2.0,82.0
385,82,B005HGWGVS,4.3,415,33,14,0,9.99,0,1,0,0,0,1,0,0,0,0.0,0.0,0.0,0.0,0.0,0.0,0.0,15.0,11.0,5.0,101.0
386,90,B001KYQA1S,4.1,856,16,2,0,4.22,5,20,0,0,0,1,0,0,0,0.0,0.0,0.0,0.0,0.0,0.0,1.0,7.0,14.0,9.0,94.0
387,91,B007MJKHPA,4.0,883,56,1,0,3.74,0,35,0,0,0,1,0,0,0,0.0,27.0,5.0,0.0,0.0,0.0,0.0,0.0,0.0,0.0,19.0
388,88,B00CHHL1AW,4.3,1264,12,13,2,6.74,0,23,0,0,0,1,0,0,0,0.0,0.0,0.0,0.0,0.0,5.0,21.0,3.0,3.0,0.0,85.0
389,100,B0000Y3GIY,4.4,251,10,6,0,9.71,0,21,0,0,0,1,0,0,0,0.0,0.0,0.0,0.0,0.0,0.0,0.0,0.0,4.0,8.0,96.0
390,95,B004DIUX34,4.0,423,12,1,0,2.99,50,32,0,0,0,1,0,0,0,0.0,0.0,0.0,0.0,0.0,0.0,0.0,2.0,9.0,10.0,97.0
391,98,B01LDF2KB2,4.8,880,17,3,0,10.95,45,1,0,0,0,1,0,0,0,0.0,0.0,0.0,0.0,0.0,0.0,0.0,2.0,9.0,12.0,100.0
392,85,B001ODAJOY,4.3,247,28,9,0,6.59,0,14,0,0,0,1,0,0,0,0.0,0.0,0.0,0.0,0.0,0.0,0.0,8.0,9.0,1.0,87.0
393,99,B01DPA7900,4.4,247,18,5,0,7.54,5,7,0,0,0,1,0,0,0,0.0,0.0,0.0,0.0,0.0,0.0,0.0,0.0,2.0,10.0,95.0
394,81,B01B0YEZFU,4.5,459,15,7,0,12.87,48,1,0,0,0,1,0,0,0,0.0,0.0,0.0,1.0,1.0,3.0,2.0,15.0,3.0,0.0,83.0
395,96,B00Y825998,3.7,8645,522,58,0,18.76,5,3,0,0,0,1,0,0,0,0.0,0.0,0.0,0.0,0.0,0.0,0.0,0.0,4.0,6.0,88.0
396,89,B006R1MM2A,4.4,443,16,7,0,4.49,25,1,0,0,0,1,0,0,0,0.0,0.0,0.0,0.0,0.0,0.0,0.0,8.0,9.0,10.0,93.0
397,94,B00518N2JC,4.5,819,18,6,1,7.39,0,22,0,0,0,1,0,0,0,0.0,0.0,0.0,0.0,0.0,0.0,0.0,0.0,3.0,3.0,89.0
398,93,B007V6237Y,3.6,231,16,4,4,29.95,0,17,0,0,0,1,0,0,0,0.0,0.0,0.0,0.0,0.0,0.0,0.0,2.0,3.0,6.0,91.0
399,97,B00PFCT036,4.2,801,8,0,0,6.4,5,14,0,0,0,1,0,0,0,0.0,0.0,0.0,0.0,0.0,0.0,0.0,5.0,6.0,1.0,101.0
400,5,B014SF6MBI,4.2,7442,552,36,0,13.95,53,1,0,0,0,0,1,0,0,22.0,4.0,4.0,1.0,1.0,0.0,0.0,0.0,0.0,0.0,5.0
401,4,B01161IL20,4.4,3572,129,30,0,16.95,15,5,0,0,0,0,1,0,0,32.0,0.0,0.0,0.0,0.0,0.0,0.0,0.0,0.0,0.0,4.0
402,18,B00PHVXIQA,4.3,2605,51,12,0,9.99,50,1,0,0,0,0,1,0,0,1.0,31.0,0.0,0.0,0.0,0.0,0.0,0.0,0.0,0.0,17.0
403,17,B01M1A5RRT,4.4,672,42,29,0,26.9,0,4,0,0,0,0,1,0,0,0.0,15.0,7.0,1.0,8.0,1.0,0.0,0.0,0.0,0.0,15.0
404,11,B06Y2CLF3T,4.8,56,4,2,0,7.99,60,1,0,0,0,0,1,0,0,0.0,19.0,3.0,0.0,0.0,0.0,0.0,0.0,0.0,0.0,11.0
405,6,B005IHJ556,4.5,5773,162,105,0,12.65,0,1,0,0,0,0,1,0,0,25.0,7.0,0.0,0.0,0.0,0.0,0.0,0.0,0.0,0.0,6.0
406,9,B01CXPSS30,4.2,590,28,3,0,0.0,0,1,0,0,0,0,1,0,0,19.0,13.0,0.0,0.0,0.0,0.0,0.0,0.0,0.0,0.0,10.0
407,13,B0128HRZOG,4.5,1451,68,28,0,19.95,0,1,0,0,0,0,1,0,0,0.0,30.0,2.0,0.0,0.0,0.0,0.0,0.0,0.0,0.0,13.0
408,8,B01KK90ZH8,4.3,1022,72,5,0,27.95,53,1,0,0,0,0,1,0,0,32.0,0.0,0.0,0.0,0.0,0.0,0.0,0.0,0.0,0.0,8.0
409,16,B0118QC1BA,4.6,6292,414,79,0,25.99,57,1,0,0,0,0,1,0,0,1.0,31.0,0.0,0.0,0.0,0.0,0.0,0.0,0.0,0.0,16.0
410,19,B00QVNKSA2,4.6,2856,112,9,0,12.95,47,1,0,0,0,0,1,0,0,3.0,27.0,2.0,0.0,0.0,0.0,0.0,0.0,0.0,0.0,19.0
411,12,B00QJCFWSI,4.5,1468,37,4,0,6.99,50,1,0,0,0,0,1,0,0,13.0,19.0,0.0,0.0,0.0,0.0,0.0,0.0,0.0,0.0,12.0
412,20,B06WW955KY,4.0,835,66,9,0,23.99,60,1,0,0,0,0,1,0,0,5.0,11.0,4.0,5.0,1.0,0.0,0.0,0.0,0.0,0.0,20.0
413,10,B01N4DB4A4,4.6,339,20,0,0,12.95,19,3,0,0,0,0,1,0,0,20.0,2.0,0.0,10.0,0.0,0.0,0.0,0.0,0.0,0.0,9.0
414,15,B0009OAHC8,4.3,1926,47,4,0,19.94,0,20,0,0,0,0,1,0,0,0.0,29.0,3.0,0.0,0.0,0.0,0.0,0.0,0.0,0.0,18.0
415,7,B00OEIBJRW,4.4,2834,37,31,0,9.99,50,1,0,0,0,0,1,0,0,32.0,0.0,0.0,0.0,0.0,0.0,0.0,0.0,0.0,0.0,7.0
416,14,B00NPC7EEU,4.7,4133,55,23,0,10.77,63,1,0,0,0,0,1,0,0,0.0,18.0,13.0,1.0,0.0,0.0,0.0,0.0,0.0,0.0,14.0
417,3,B00TSTZQEY,4.3,4851,128,101,0,14.95,57,1,0,0,0,0,1,0,0,32.0,0.0,0.0,0.0,0.0,0.0,0.0,0.0,0.0,0.0,3.0
418,2,B00V9JP8EE,4.3,9133,600,115,0,14.95,63,1,0,0,0,0,1,0,0,32.0,0.0,0.0,0.0,0.0,0.0,0.0,0.0,0.0,0.0,2.0
419,1,B0163GBZK8,4.4,9107,202,33,0,14.95,81,1,0,0,0,0,1,0,0,32.0,0.0,0.0,0.0,0.0,0.0,0.0,0.0,0.0,0.0,1.0
420,40,B01N20H4ZQ,4.7,808,26,2,1,25.99,68,1,0,0,0,0,1,0,0,0.0,0.0,0.0,23.0,8.0,0.0,0.0,0.0,0.0,0.0,39.0
421,37,B00P6O9KDS,4.7,746,15,16,1,6.99,42,1,0,0,0,0,1,0,0,0.0,4.0,3.0,11.0,14.0,0.0,0.0,0.0,0.0,0.0,37.0
422,31,B00PYS7R7M,4.5,1414,25,5,0,6.99,65,1,0,0,0,0,1,0,0,0.0,0.0,0.0,18.0,1.0,0.0,0.0,0.0,0.0,0.0,31.0
423,27,B001FWXHC0,4.4,564,15,3,0,15.99,76,58,0,0,0,0,1,0,0,0.0,2.0,18.0,8.0,2.0,2.0,0.0,0.0,0.0,0.0,26.0
424,25,B00QXVNSE0,4.5,2960,52,12,0,8.99,55,1,0,0,0,0,1,0,0,0.0,0.0,32.0,0.0,0.0,0.0,0.0,0.0,0.0,0.0,25.0
425,33,B00QR6SS6O,4.3,1665,45,17,0,13.95,53,1,0,0,0,0,1,0,0,0.0,5.0,10.0,15.0,2.0,0.0,0.0,0.0,0.0,0.0,33.0
426,39,B01MR4Y0CZ,4.7,445,82,70,0,29.99,63,1,0,0,0,0,1,0,0,0.0,0.0,0.0,3.0,15.0,4.0,0.0,4.0,5.0,1.0,40.0
427,24,B005MQ2BQI,4.7,1619,44,12,0,32.68,0,27,0,0,0,0,1,0,0,0.0,6.0,26.0,0.0,0.0,0.0,0.0,0.0,0.0,0.0,24.0
428,23,B01HULIXKU,4.5,1196,132,14,0,0.0,0,1,0,0,0,0,1,0,0,3.0,4.0,25.0,0.0,0.0,0.0,0.0,0.0,0.0,0.0,22.0
429,38,B01KFYCH9W,4.5,540,44,3,0,22.99,67,1,0,0,0,0,1,0,0,0.0,0.0,0.0,13.0,19.0,0.0,0.0,0.0,0.0,0.0,38.0
430,32,B0118Q011M,4.5,2495,185,26,0,0.0,0,1,0,0,0,0,1,0,0,0.0,0.0,0.0,20.0,2.0,6.0,3.0,1.0,0.0,0.0,32.0
431,21,B0019LRZ2A,4.4,2983,110,26,0,9.7,0,14,0,0,0,0,1,0,0,0.0,17.0,15.0,0.0,0.0,0.0,0.0,0.0,0.0,0.0,21.0
432,34,B014G8IYRM,4.3,2118,45,23,0,28.5,0,1,0,0,0,0,1,0,0,28.0,4.0,0.0,0.0,0.0,0.0,0.0,0.0,0.0,0.0,9.0
433,36,B06Y245185,4.5,18,0,0,0,7.99,60,1,0,0,0,0,1,0,0,0.0,0.0,0.0,19.0,3.0,0.0,0.0,0.0,0.0,0.0,35.0
434,28,B00Y2BGFIO,4.5,3593,158,14,0,0.0,0,1,0,0,0,0,1,0,0,0.0,0.0,19.0,3.0,0.0,0.0,3.0,0.0,3.0,3.0,30.0
435,26,B000E7UFM2,4.3,802,22,3,4,12.69,0,32,0,0,0,0,1,0,0,0.0,0.0,28.0,4.0,0.0,0.0,0.0,0.0,0.0,0.0,27.0
436,22,B004O25R8A,4.5,938,29,5,0,23.73,0,10,0,0,0,0,1,0,0,0.0,1.0,31.0,0.0,0.0,0.0,0.0,0.0,0.0,0.0,23.0
437,29,B01KJAJLN2,4.5,261,11,8,0,12.59,40,1,0,0,0,0,1,0,0,0.0,8.0,14.0,10.0,0.0,0.0,0.0,0.0,0.0,0.0,28.0
438,30,B00SA5UWW8,4.5,4357,99,20,0,19.99,51,3,0,0,0,0,1,0,0,0.0,2.0,21.0,9.0,0.0,0.0,0.0,0.0,0.0,0.0,29.0
439,35,B000XE5260,4.4,1952,62,16,0,35.8,0,73,0,0,0,0,1,0,0,0.0,0.0,5.0,26.0,1.0,0.0,0.0,0.0,0.0,0.0,36.0
440,42,B00P6O790E,4.6,776,14,2,0,5.99,70,1,0,0,0,0,1,0,0,0.0,0.0,0.0,7.0,25.0,0.0,0.0,0.0,0.0,0.0,42.0
441,53,B00UNXFD6A,4.7,797,27,2,0,9.99,50,1,0,0,0,0,1,0,0,0.0,0.0,0.0,0.0,0.0,12.0,8.0,8.0,4.0,0.0,53.0
442,48,B002XQ1X4G,4.5,2053,84,15,0,49.99,0,36,0,0,0,0,1,0,0,0.0,0.0,0.0,9.0,10.0,11.0,2.0,0.0,0.0,0.0,48.0
443,59,B01JRD7Y9U,4.4,771,21,11,0,11.95,76,1,0,0,0,0,1,0,0,0.0,0.0,0.0,0.0,10.0,19.0,2.0,0.0,1.0,0.0,59.0
444,51,B00VS18XEK,4.4,838,68,12,0,15.5,0,11,0,0,0,0,1,0,0,0.0,0.0,0.0,3.0,20.0,8.0,1.0,0.0,0.0,0.0,51.0
445,49,B00B4TR3KG,4.4,1043,61,14,0,41.94,0,100,0,0,0,0,1,0,0,0.0,0.0,3.0,10.0,19.0,0.0,0.0,0.0,0.0,0.0,49.0
446,46,B001U582SQ,4.2,286,15,1,1,52.28,38,1,0,0,0,0,1,0,0,10.0,0.0,3.0,2.0,15.0,1.0,0.0,0.0,0.0,0.0,46.0
447,43,B005O91CUE,4.3,536,11,0,1,17.35,0,1,0,0,0,0,1,0,0,0.0,0.0,0.0,1.0,27.0,4.0,0.0,0.0,0.0,0.0,43.0
448,41,B00VXHY6KY,4.4,1228,47,28,0,13.95,53,1,0,0,0,0,1,0,0,0.0,0.0,1.0,17.0,4.0,10.0,0.0,0.0,0.0,0.0,41.0
449,58,B0183K2AG0,4.7,2002,202,62,0,29.75,57,1,0,0,0,0,1,0,0,0.0,0.0,0.0,0.0,5.0,7.0,17.0,2.0,1.0,0.0,58.0
450,44,B01KJAJMEA,4.6,41,6,4,1,0.0,0,1,0,0,0,0,1,0,0,0.0,0.0,0.0,0.0,13.0,4.0,0.0,0.0,1.0,1.0,44.0
451,56,B000C1Z3LS,4.5,780,15,4,2,0.0,0,1,0,0,0,0,1,0,0,0.0,0.0,0.0,0.0,0.0,6.0,15.0,1.0,0.0,0.0,56.0
452,50,B01G0WMTYQ,4.5,387,19,6,0,12.98,0,1,0,0,0,0,1,0,0,0.0,0.0,0.0,0.0,1.0,4.0,12.0,3.0,8.0,1.0,50.0
453,54,B071L6L14D,4.6,16,0,0,0,0.0,0,1,0,0,0,0,1,0,0,0.0,0.0,0.0,0.0,0.0,8.0,9.0,5.0,0.0,0.0,54.0
454,55,B00PHQB8EE,4.4,287,14,1,0,7.49,50,1,0,0,0,0,1,0,0,0.0,0.0,0.0,8.0,16.0,7.0,1.0,0.0,0.0,0.0,55.0
455,52,B01KFU4IL6,4.3,741,48,4,0,19.99,0,1,0,0,0,0,1,0,0,0.0,3.0,5.0,2.0,9.0,10.0,0.0,0.0,0.0,0.0,52.0
456,57,B00QXVNRGY,4.5,1186,29,3,0,7.99,60,1,0,0,0,0,1,0,0,0.0,0.0,0.0,0.0,2.0,23.0,7.0,0.0,0.0,0.0,57.0
457,47,B01LB17194,4.8,784,99,19,0,45.99,58,1,0,0,0,0,1,0,0,0.0,0.0,0.0,4.0,2.0,9.0,5.0,9.0,2.0,0.0,47.0
458,60,B01J15VL8O,4.0,835,66,9,0,14.24,5,1,0,0,0,0,1,0,0,0.0,6.0,4.0,2.0,2.0,2.0,0.0,0.0,0.0,0.0,60.0
459,45,B00C9358NU,4.4,848,33,11,0,15.95,60,1,0,0,0,0,1,0,0,11.0,21.0,0.0,0.0,0.0,0.0,0.0,0.0,0.0,0.0,13.0
460,72,B00QXVMPOY,4.6,2121,46,4,0,7.99,43,1,0,0,0,0,1,0,0,0.0,0.0,0.0,0.0,0.0,5.0,9.0,16.0,2.0,0.0,72.0
461,74,B000WZR1R8,4.5,357,8,5,10,48.99,33,1,0,0,0,0,1,0,0,0.0,0.0,10.0,0.0,2.0,1.0,4.0,15.0,0.0,0.0,74.0
462,65,B0000ZUGS6,4.4,1332,28,23,3,14.5,0,1,0,0,0,0,1,0,0,0.0,0.0,0.0,0.0,0.0,10.0,14.0,8.0,0.0,0.0,65.0
463,67,B011JBP5DK,4.4,1377,69,37,0,11.97,37,1,0,0,0,0,1,0,0,5.0,25.0,2.0,0.0,0.0,0.0,0.0,0.0,0.0,0.0,17.0
464,69,B00GF9ZBJA,4.3,370,16,3,0,15.59,0,29,0,0,0,0,1,0,0,0.0,0.0,0.0,0.0,4.0,10.0,12.0,5.0,0.0,0.0,69.0
465,66,B01F2AKYYO,4.3,703,14,0,0,12.99,63,1,0,0,0,0,1,0,0,0.0,0.0,0.0,0.0,3.0,9.0,16.0,4.0,0.0,0.0,66.0
466,73,B000JL7WQK,4.3,1446,37,8,0,23.99,0,79,0,0,0,0,1,0,0,0.0,0.0,0.0,0.0,0.0,9.0,9.0,8.0,5.0,1.0,73.0
467,80,B004O276EI,4.6,593,20,0,1,11.87,0,8,0,0,0,0,1,0,0,0.0,0.0,0.0,0.0,0.0,0.0,0.0,1.0,14.0,7.0,80.0
468,68,B00R36LSZ0,4.7,902,33,10,0,13.84,31,16,0,0,0,0,1,0,0,0.0,0.0,0.0,0.0,0.0,3.0,17.0,10.0,2.0,0.0,68.0
469,64,B01FK2S73Y,4.2,624,79,13,0,19.95,60,1,0,0,0,0,1,0,0,0.0,0.0,0.0,0.0,2.0,4.0,4.0,0.0,0.0,0.0,64.0
470,77,B000MGOZJ4,4.6,176,6,1,0,4.36,0,28,0,0,0,0,1,0,0,0.0,0.0,0.0,0.0,0.0,0.0,0.0,14.0,4.0,3.0,77.0
471,70,B01GXOXYSG,4.6,95,10,0,0,14.22,5,1,0,0,0,0,1,0,0,0.0,0.0,0.0,0.0,5.0,17.0,7.0,3.0,0.0,0.0,70.0
472,79,B00BKQIMBC,4.0,695,22,17,0,7.36,0,5,0,0,0,0,1,0,0,0.0,0.0,0.0,0.0,0.0,0.0,5.0,14.0,9.0,3.0,79.0
473,61,B003I6TOM8,4.4,638,21,8,1,23.17,0,14,0,0,0,0,1,0,0,0.0,0.0,0.0,0.0,0.0,4.0,14.0,11.0,0.0,3.0,61.0
474,76,B000C1Z5AW,4.4,503,10,0,1,35.38,55,59,0,0,0,0,1,0,0,0.0,0.0,0.0,0.0,0.0,3.0,6.0,19.0,3.0,1.0,76.0
475,63,B00028M3N2,4.5,1279,81,32,0,12.79,0,28,0,0,0,0,1,0,0,0.0,0.0,0.0,0.0,0.0,12.0,12.0,3.0,5.0,0.0,63.0
476,62,B00PHMOXH2,4.3,509,15,8,0,6.99,65,1,0,0,0,0,1,0,0,0.0,0.0,0.0,0.0,2.0,21.0,5.0,4.0,0.0,0.0,62.0
477,71,B00SI585E2,4.5,252,15,3,1,12.99,50,1,0,0,0,0,1,0,0,0.0,0.0,0.0,0.0,0.0,1.0,24.0,4.0,3.0,0.0,71.0
478,75,B014LYHMOM,4.5,1148,18,23,3,28.5,0,1,0,0,0,0,1,0,0,0.0,0.0,0.0,0.0,0.0,0.0,2.0,1.0,0.0,0.0,75.0
479,78,B00PHVXISS,4.4,1130,43,4,0,8.99,55,1,0,0,0,0,1,0,0,0.0,0.0,0.0,0.0,0.0,5.0,3.0,20.0,3.0,1.0,78.0
480,92,B00K0DI04A,4.4,1043,61,14,0,7.49,0,44,0,0,0,0,1,0,0,0.0,0.0,0.0,0.0,0.0,0.0,0.0,1.0,10.0,12.0,92.0
481,93,B00X8FZODW,4.4,379,20,4,1,13.95,77,1,0,0,0,0,1,0,0,0.0,0.0,0.0,0.0,0.0,0.0,0.0,0.0,2.0,5.0,93.0
482,99,B0017JT658,4.0,586,15,5,3,10.48,0,27,0,0,0,0,1,0,0,0.0,0.0,0.0,0.0,0.0,0.0,0.0,0.0,5.0,5.0,99.0
483,86,B000C213ES,4.2,3202,60,10,0,0.0,0,1,0,0,0,0,1,0,0,0.0,0.0,0.0,5.0,7.0,1.0,6.0,12.0,1.0,0.0,86.0
484,81,B01CPUVTI4,4.3,126,15,0,0,2.95,58,1,0,0,0,0,1,0,0,0.0,13.0,15.0,3.0,1.0,0.0,0.0,0.0,0.0,0.0,20.0
485,95,B00BLI96DW,3.2,367,36,3,0,13.86,54,1,0,0,0,0,1,0,0,0.0,0.0,0.0,0.0,0.0,0.0,0.0,0.0,9.0,11.0,95.0
486,85,B007TYY2N6,4.7,362,9,2,0,11.0,0,10,0,0,0,0,1,0,0,0.0,0.0,0.0,0.0,0.0,0.0,0.0,0.0,5.0,6.0,85.0
487,82,B004O22328,4.6,788,23,6,4,11.48,0,15,0,0,0,0,1,0,0,0.0,0.0,0.0,0.0,0.0,0.0,0.0,3.0,15.0,4.0,82.0
488,91,B01N1856R7,4.7,76,4,0,0,13.95,35,1,0,0,0,0,1,0,0,0.0,0.0,0.0,0.0,0.0,3.0,5.0,18.0,5.0,1.0,91.0
489,97,B00PRC2YM8,3.7,236,56,4,0,20.0,0,1,0,0,0,0,1,0,0,0.0,0.0,0.0,0.0,0.0,0.0,5.0,5.0,3.0,4.0,97.0
490,83,B00PM2T3N6,4.5,494,13,2,0,7.49,50,1,0,0,0,0,1,0,0,0.0,0.0,0.0,0.0,0.0,0.0,0.0,1.0,18.0,8.0,83.0
491,100,B00WFXNXVI,4.5,698,37,6,0,13.95,51,1,0,0,0,0,1,0,0,0.0,0.0,0.0,0.0,0.0,0.0,1.0,0.0,6.0,15.0,100.0
492,88,B01JKWNM1W,4.6,925,104,7,0,42.99,61,1,0,0,0,0,1,0,0,0.0,0.0,0.0,0.0,0.0,0.0,1.0,3.0,1.0,0.0,88.0
493,87,B01MR7J7YR,4.6,2952,406,30,0,29.99,25,1,0,0,0,0,1,0,0,0.0,0.0,0.0,0.0,0.0,0.0,1.0,15.0,12.0,3.0,87.0
494,84,B01K9DGNJO,4.3,712,97,7,0,13.95,37,1,0,0,0,0,1,0,0,0.0,0.0,0.0,0.0,0.0,0.0,5.0,6.0,3.0,3.0,84.0
495,89,B004NJXW1I,4.3,706,33,6,0,33.9,0,19,0,0,0,0,1,0,0,0.0,0.0,0.0,0.0,0.0,0.0,1.0,6.0,14.0,6.0,89.0
496,90,B000C213ZM,4.5,1386,24,2,0,31.49,0,65,0,0,0,0,1,0,0,0.0,0.0,0.0,0.0,5.0,6.0,1.0,1.0,6.0,10.0,90.0
497,94,B000C1ZDTU,4.1,2171,28,6,0,20.29,70,10,0,0,0,0,1,0,0,0.0,0.0,0.0,0.0,0.0,0.0,0.0,1.0,8.0,10.0,94.0
498,96,B000P22TIY,4.4,4612,90,81,0,0.0,0,1,0,0,0,0,1,0,0,0.0,0.0,0.0,0.0,0.0,2.0,6.0,2.0,1.0,9.0,96.0
499,98,B00QR1VQB8,4.5,1536,51,3,0,7.79,48,1,0,0,0,0,1,0,0,0.0,0.0,0.0,0.0,0.0,0.0,0.0,0.0,5.0,8.0,98.0
500,1,B0014P8L9W,4.5,13073,1000,262,0,9.4,0,59,0,0,0,0,0,1,0,32.0,0.0,0.0,0.0,0.0,0.0,0.0,0.0,0.0,0.0,1.0
501,6,B00MWI2IS0,4.3,4794,222,31,0,10.5,0,72,0,0,0,0,0,1,0,14.0,16.0,2.0,0.0,0.0,0.0,0.0,0.0,0.0,0.0,6.0
502,12,B002MSN3QQ,4.4,2635,190,35,0,32.5,0,1,0,0,0,0,0,1,0,2.0,24.0,5.0,1.0,0.0,0.0,0.0,0.0,0.0,0.0,12.0
503,4,B01K2UMMI0,4.3,4459,164,60,0,23.95,56,1,0,0,0,0,0,1,0,22.0,10.0,0.0,0.0,0.0,0.0,0.0,0.0,0.0,0.0,4.0
504,7,B01M4MCUAF,4.5,5677,475,106,0,19.99,50,1,0,0,0,0,0,1,0,10.0,22.0,0.0,0.0,0.0,0.0,0.0,0.0,0.0,0.0,7.0
505,11,B004D2DR0Q,4.4,1918,137,21,0,10.68,5,19,0,0,0,0,0,1,0,13.0,17.0,2.0,0.0,0.0,0.0,0.0,0.0,0.0,0.0,11.0
506,16,B00461F4PA,3.9,6942,394,97,0,0.0,0,1,0,0,0,0,0,1,0,20.0,12.0,0.0,0.0,0.0,0.0,0.0,0.0,0.0,0.0,16.0
507,5,B00HYV2F7E,4.2,790,23,16,0,13.91,5,1,0,0,0,0,0,1,0,31.0,1.0,0.0,0.0,0.0,0.0,0.0,0.0,0.0,0.0,5.0
508,17,B000S5S1DK,4.3,3752,64,52,0,3.29,0,1,0,0,0,0,0,1,0,0.0,8.0,14.0,1.0,3.0,0.0,0.0,0.0,0.0,0.0,17.0
509,9,B0020VJTDG,4.4,906,14,3,3,6.21,5,48,0,0,0,0,0,1,0,23.0,3.0,0.0,0.0,0.0,0.0,1.0,1.0,1.0,0.0,9.0
510,15,B00LV6VDG2,4.5,2105,68,14,0,16.99,59,2,0,0,0,0,0,1,0,0.0,1.0,2.0,0.0,1.0,0.0,2.0,5.0,8.0,7.0,15.0
511,3,B004CDQ73K,4.4,1926,131,25,0,9.72,5,63,0,0,0,0,0,1,0,32.0,0.0,0.0,0.0,0.0,0.0,0.0,0.0,0.0,0.0,3.0
512,18,B00IOZWC2M,4.3,5779,216,20,0,14.2,5,1,0,0,0,0,0,1,0,22.0,0.0,0.0,0.0,0.0,0.0,0.0,0.0,0.0,0.0,2.0
513,2,B00016XJ4M,4.6,8162,314,107,0,10.47,48,45,0,0,0,0,0,1,0,32.0,0.0,0.0,0.0,0.0,0.0,0.0,0.0,0.0,0.0,2.0
514,19,B00H33ZP3O,4.3,88,17,2,0,13.49,24,1,0,0,0,0,0,1,0,4.0,13.0,13.0,0.0,2.0,0.0,0.0,0.0,0.0,0.0,19.0
515,10,B004AI97MA,4.3,4558,347,81,0,12.34,5,1,0,0,0,0,0,1,0,1.0,23.0,7.0,0.0,0.0,0.0,0.0,0.0,0.0,0.0,10.0
516,20,B004UH74DA,4.6,4538,123,30,0,10.38,5,22,0,0,0,0,0,1,0,32.0,0.0,0.0,0.0,0.0,0.0,0.0,0.0,0.0,0.0,1.0
517,13,B00MLBPDQ2,4.6,980,27,9,0,18.73,5,31,0,0,0,0,0,1,0,26.0,0.0,0.0,4.0,2.0,0.0,0.0,0.0,0.0,0.0,1.0
518,14,B001V9SXXU,4.6,4260,241,82,0,11.01,5,51,0,0,0,0,0,1,0,10.0,22.0,0.0,0.0,0.0,0.0,0.0,0.0,0.0,0.0,14.0
519,8,B0002QB9NE,4.5,5982,93,58,0,8.47,0,1,0,0,0,0,0,1,0,29.0,3.0,0.0,0.0,0.0,0.0,0.0,0.0,0.0,0.0,8.0
520,38,B00PCURCYA,4.4,856,14,35,1,6.62,5,14,0,0,0,0,0,1,0,0.0,4.0,7.0,16.0,5.0,0.0,0.0,0.0,0.0,0.0,38.0
521,30,B002LC9OES,4.5,2204,85,8,0,7.0,0,1,0,0,0,0,0,1,0,0.0,0.0,16.0,16.0,0.0,0.0,0.0,0.0,0.0,0.0,30.0
522,21,B01MEG6C50,3.0,810,13,13,2,10.99,73,1,0,0,0,0,0,1,0,0.0,1.0,1.0,0.0,1.0,2.0,0.0,1.0,3.0,3.0,21.0
523,26,B00SK71SAG,4.6,3553,60,39,0,8.05,5,9,0,0,0,0,0,1,0,6.0,15.0,11.0,0.0,0.0,0.0,0.0,0.0,0.0,0.0,26.0
524,40,B00H7KTEZ8,4.7,2644,58,24,0,13.16,5,1,0,0,0,0,0,1,0,32.0,0.0,0.0,0.0,0.0,0.0,0.0,0.0,0.0,0.0,7.0
525,28,B006IB5T4W,4.7,1981,61,8,0,12.1,5,48,0,0,0,0,0,1,0,0.0,12.0,20.0,0.0,0.0,0.0,0.0,0.0,0.0,0.0,28.0
526,32,B003YMJJSK,4.5,3484,160,90,0,8.16,5,51,0,0,0,0,0,1,0,0.0,1.0,17.0,10.0,3.0,0.0,0.0,0.0,0.0,0.0,32.0
527,39,B00W659M3S,3.7,495,30,2,0,25.0,0,5,0,0,0,0,0,1,0,0.0,0.0,0.0,1.0,4.0,12.0,3.0,0.0,0.0,0.0,39.0
528,36,B00XTAFYKY,4.2,7280,547,75,0,32.5,19,3,0,0,0,0,0,1,0,5.0,5.0,7.0,5.0,7.0,3.0,0.0,0.0,0.0,0.0,36.0
529,35,B001459IEE,4.6,1420,56,7,0,8.52,5,33,0,0,0,0,0,1,0,0.0,5.0,16.0,11.0,0.0,0.0,0.0,0.0,0.0,0.0,35.0
530,31,B01GYBSLFO,4.4,407,61,8,0,10.97,5,1,0,0,0,0,0,1,0,2.0,3.0,12.0,13.0,0.0,0.0,0.0,1.0,1.0,0.0,6.0
531,27,B072C29XCN,4.2,368,0,0,0,14.99,0,1,0,0,0,0,0,1,0,13.0,0.0,0.0,0.0,0.0,0.0,0.0,0.0,0.0,0.0,3.0
532,24,B007SAC6XE,4.3,482,41,15,0,9.72,5,47,0,0,0,0,0,1,0,0.0,15.0,15.0,2.0,0.0,0.0,0.0,0.0,0.0,0.0,24.0
533,25,B0046VGPHQ,4.4,5344,414,83,0,13.1,0,37,0,0,0,0,0,1,0,32.0,0.0,0.0,0.0,0.0,0.0,0.0,0.0,0.0,0.0,2.0
534,22,B0012J30LY,4.3,2883,192,29,0,16.93,5,10,0,0,0,0,0,1,0,0.0,5.0,22.0,5.0,0.0,0.0,0.0,0.0,0.0,0.0,22.0
535,29,B019SVHLEY,4.2,1785,96,214,0,7.99,60,3,0,0,0,0,0,1,0,0.0,0.0,11.0,21.0,0.0,0.0,0.0,0.0,0.0,0.0,29.0
536,33,B00BAM7F8C,4.5,1978,93,40,0,8.6,0,18,0,0,0,0,0,1,0,0.0,0.0,6.0,20.0,6.0,0.0,0.0,0.0,0.0,0.0,33.0
537,37,B01CNMASFY,4.2,659,21,224,0,8.95,75,1,0,0,0,0,0,1,0,0.0,1.0,17.0,10.0,4.0,0.0,0.0,0.0,0.0,0.0,37.0
538,23,B071X4VQ99,4.6,802,52,7,0,89.04,0,1,0,0,0,0,0,1,0,8.0,9.0,13.0,1.0,0.0,0.0,0.0,0.0,0.0,0.0,23.0
539,34,B01ES349CY,4.6,1142,117,9,0,18.99,37,1,0,0,0,0,0,1,0,0.0,0.0,4.0,10.0,2.0,2.0,0.0,1.0,0.0,0.0,34.0
540,90,B01FLO5914,4.3,1511,78,21,0,18.95,5,1,0,0,0,0,0,1,0,0.0,0.0,0.0,0.0,4.0,1.0,4.0,9.0,10.0,4.0,90.0
541,87,B004DOYM2Q,4.5,406,18,3,0,33.2,5,1,0,0,0,0,0,1,0,0.0,0.0,0.0,0.0,0.0,0.0,0.0,3.0,20.0,9.0,87.0
542,86,B009D028GC,4.3,464,18,5,4,27.54,5,7,0,0,0,0,0,1,0,0.0,0.0,0.0,0.0,0.0,9.0,6.0,6.0,8.0,3.0,86.0
543,82,B00HNTPF7E,4.8,2080,71,12,0,19.99,0,1,0,0,0,0,0,1,0,32.0,0.0,0.0,0.0,0.0,0.0,0.0,0.0,0.0,0.0,7.0
544,100,B000UVZU1S,4.4,4420,161,32,0,5.22,5,42,0,0,0,0,0,1,0,0.0,0.0,0.0,0.0,0.0,0.0,0.0,1.0,17.0,12.0,100.0
545,95,B007HD570Q,4.6,1870,103,13,0,8.27,5,58,0,0,0,0,0,1,0,0.0,0.0,0.0,0.0,0.0,0.0,4.0,6.0,5.0,8.0,95.0
546,93,B00OMXW9HI,4.7,1539,19,3,4,11.07,5,12,0,0,0,0,0,1,0,0.0,0.0,0.0,0.0,1.0,5.0,2.0,4.0,5.0,13.0,93.0
547,83,B0169PFLFI,4.0,4092,218,440,0,14.2,5,5,0,0,0,0,0,1,0,0.0,0.0,0.0,0.0,0.0,4.0,14.0,9.0,2.0,3.0,83.0
548,91,B0017SWIU4,4.2,1647,55,13,0,17.0,0,1,0,0,0,0,0,1,0,0.0,0.0,0.0,0.0,0.0,0.0,0.0,9.0,8.0,12.0,91.0
549,89,B0058E3XJI,4.1,3531,131,9,0,14.25,0,20,0,0,0,0,0,1,0,5.0,25.0,2.0,0.0,0.0,0.0,0.0,0.0,0.0,0.0,13.0
550,81,B00172O9NO,4.5,2204,85,8,0,14.0,0,1,0,0,0,0,0,1,0,0.0,0.0,0.0,0.0,0.0,0.0,3.0,10.0,6.0,7.0,81.0
551,94,B002JPJ2ZS,3.8,2982,186,65,0,0.0,0,1,0,0,0,0,0,1,0,18.0,4.0,0.0,0.0,0.0,0.0,0.0,0.0,0.0,0.0,18.0
552,96,B00LV5NY3I,4.5,1556,84,46,0,16.99,43,1,0,0,0,0,0,1,0,0.0,0.0,0.0,0.0,2.0,1.0,0.0,1.0,2.0,2.0,96.0
553,88,B06XWPDS8F,4.6,374,0,0,0,17.99,70,2,0,0,0,0,0,1,0,0.0,0.0,0.0,0.0,1.0,0.0,0.0,2.0,1.0,0.0,88.0
554,98,B01NCM25K7,4.4,527,28,5,0,14.95,60,2,0,0,0,0,0,1,0,0.0,0.0,0.0,0.0,0.0,0.0,0.0,2.0,2.0,2.0,98.0
555,99,B001ET76EY,4.4,1224,94,10,0,18.09,5,38,0,0,0,0,0,1,0,0.0,0.0,0.0,0.0,0.0,1.0,4.0,4.0,2.0,7.0,99.0
556,85,B002CML1VG,4.5,187,19,6,0,26.99,25,1,0,0,0,0,0,1,0,0.0,0.0,0.0,1.0,4.0,4.0,1.0,4.0,8.0,10.0,85.0
557,97,B00J51O4FC,4.3,203,6,4,0,5.47,0,1,0,0,0,0,0,1,0,0.0,0.0,0.0,0.0,0.0,0.0,0.0,1.0,1.0,18.0,97.0
558,92,B00I69SBZ8,4.6,4538,123,30,0,8.7,0,1,0,0,0,0,0,1,0,0.0,0.0,0.0,0.0,0.0,0.0,0.0,4.0,17.0,10.0,92.0
559,84,B00D9NV2D4,4.7,6231,243,56,0,15.25,0,1,0,0,0,0,0,1,0,0.0,0.0,0.0,0.0,0.0,0.0,1.0,6.0,15.0,10.0,84.0
560,58,B00PO7GKLM,4.4,1383,99,98,0,21.95,54,1,0,0,0,0,0,1,0,0.0,0.0,0.0,0.0,0.0,17.0,13.0,2.0,0.0,0.0,58.0
561,55,B000YJ2SLG,4.7,2079,101,56,0,10.06,5,45,0,0,0,0,0,1,0,0.0,0.0,3.0,12.0,8.0,9.0,0.0,0.0,0.0,0.0,55.0
562,43,B007KA7V5U,4.2,199,7,3,0,7.57,5,25,0,0,0,0,0,1,0,0.0,0.0,4.0,16.0,10.0,0.0,2.0,0.0,0.0,0.0,43.0
563,59,B00HNSSV3U,4.6,380,28,12,0,8.99,12,1,0,0,0,0,0,1,0,0.0,0.0,0.0,0.0,4.0,20.0,6.0,0.0,2.0,0.0,59.0
564,52,B0147LDPRM,4.2,1700,76,21,0,10.41,5,5,0,0,0,0,0,1,0,0.0,0.0,0.0,0.0,2.0,2.0,1.0,0.0,3.0,2.0,52.0
565,51,B00K2RFAX8,4.6,1198,35,10,0,5.59,0,1,0,0,0,0,0,1,0,0.0,0.0,4.0,8.0,16.0,4.0,0.0,0.0,0.0,0.0,51.0
566,57,B00A7NUARS,4.3,1599,41,58,0,14.24,5,12,0,0,0,0,0,1,0,0.0,1.0,4.0,7.0,10.0,3.0,1.0,4.0,2.0,0.0,57.0
567,53,B00H2B4H2M,4.1,2275,212,80,0,14.99,25,17,0,0,0,0,0,1,0,17.0,15.0,0.0,0.0,0.0,0.0,0.0,0.0,0.0,0.0,5.0
568,41,B00DM14TYC,4.3,2606,56,16,0,11.69,0,1,0,0,0,0,0,1,0,0.0,0.0,0.0,22.0,9.0,1.0,0.0,0.0,0.0,0.0,41.0
569,60,B01LTIQ0R8,3.4,7,0,0,0,11.99,0,1,0,0,0,0,0,1,0,3.0,0.0,1.0,6.0,8.0,4.0,0.0,0.0,0.0,0.0,60.0
570,48,B0054LHI5A,4.7,2956,68,22,0,8.54,5,25,0,0,0,0,0,1,0,0.0,0.0,0.0,6.0,26.0,0.0,0.0,0.0,0.0,0.0,48.0
571,42,B00LNOV8JO,4.3,4388,335,75,0,13.95,0,1,0,0,0,0,0,1,0,0.0,0.0,0.0,3.0,24.0,3.0,2.0,0.0,0.0,0.0,42.0
572,54,B004X8JVT6,4.4,127,4,1,0,3.97,64,19,0,0,0,0,0,1,0,0.0,0.0,0.0,0.0,0.0,10.0,12.0,6.0,3.0,0.0,54.0
573,47,B00NCF7206,4.8,2149,95,7,0,0.0,0,1,0,0,0,0,0,1,0,0.0,0.0,0.0,0.0,1.0,0.0,0.0,0.0,0.0,0.0,47.0
574,49,B00B81XR1Y,4.2,278,8,1,1,14.24,5,10,0,0,0,0,0,1,0,8.0,2.0,0.0,5.0,16.0,1.0,0.0,0.0,0.0,0.0,49.0
575,45,B01LZOA8F6,3.8,760,35,3,0,13.98,18,1,0,0,0,0,0,1,0,0.0,0.0,0.0,0.0,18.0,13.0,1.0,0.0,0.0,0.0,45.0
576,46,B000NWGCZ2,4.6,2514,80,32,0,12.72,5,49,0,0,0,0,0,1,0,0.0,0.0,1.0,12.0,19.0,0.0,0.0,0.0,0.0,0.0,46.0
577,44,B00X6ZNWG0,3.5,923,38,11,0,33.2,5,1,0,0,0,0,0,1,0,0.0,0.0,0.0,11.0,15.0,0.0,0.0,0.0,0.0,0.0,44.0
578,56,B010FHRA4G,4.5,1953,116,19,0,14.7,51,1,0,0,0,0,0,1,0,0.0,0.0,0.0,0.0,0.0,6.0,12.0,12.0,2.0,0.0,56.0
579,50,B0090UJFYI,4.3,4759,329,154,0,14.49,0,6,0,0,0,0,0,1,0,0.0,0.0,0.0,0.0,18.0,11.0,3.0,0.0,0.0,0.0,50.0
580,72,B0722KS8WV,5.0,3,0,0,0,17.99,31,1,0,0,0,0,0,1,0,0.0,0.0,0.0,0.0,0.0,0.0,0.0,1.0,0.0,0.0,72.0
581,74,B00YPBPO0Q,4.6,210,7,2,0,8.47,0,1,0,0,0,0,0,1,0,0.0,0.0,0.0,0.0,0.0,9.0,13.0,10.0,0.0,0.0,74.0
582,64,B00V9D7O1U,4.2,394,11,2,1,18.98,5,9,0,0,0,0,0,1,0,0.0,0.0,6.0,3.0,1.0,5.0,7.0,7.0,0.0,0.0,64.0
583,61,B00WRN3TBU,4.7,2082,123,15,0,15.95,36,1,0,0,0,0,0,1,0,0.0,0.0,0.0,0.0,1.0,18.0,13.0,0.0,0.0,0.0,61.0
584,68,B00JJZN1HG,4.4,1926,131,25,0,19.95,17,31,0,0,0,0,0,1,0,0.0,0.0,0.0,0.0,6.0,4.0,11.0,4.0,6.0,0.0,68.0
585,70,B0000YUXI0,4.3,5647,113,30,0,14.95,0,6,0,0,0,0,0,1,0,22.0,10.0,0.0,0.0,0.0,0.0,0.0,0.0,0.0,0.0,10.0
586,67,B006RFZ66K,4.0,1918,36,43,0,11.99,14,2,0,0,0,0,0,1,0,0.0,0.0,0.0,0.0,4.0,14.0,10.0,3.0,0.0,0.0,67.0
587,79,B00PBX3TN6,4.1,798,12,3,1,4.87,0,42,0,0,0,0,0,1,0,0.0,0.0,0.0,0.0,0.0,1.0,9.0,10.0,10.0,2.0,79.0
588,75,B000AU15E0,4.7,640,56,4,0,18.99,14,14,0,0,0,0,0,1,0,0.0,0.0,1.0,7.0,1.0,1.0,0.0,3.0,0.0,1.0,75.0
589,78,B00365DABC,4.6,4260,241,82,0,7.88,5,38,0,0,0,0,0,1,0,0.0,0.0,1.0,0.0,5.0,9.0,8.0,3.0,4.0,2.0,78.0
590,69,B01AAQD2NU,4.4,2321,87,28,0,29.99,57,18,0,0,0,0,0,1,0,19.0,13.0,0.0,0.0,0.0,0.0,0.0,0.0,0.0,0.0,9.0
591,76,B00AREGVUM,4.3,4558,347,81,0,16.99,39,1,0,0,0,0,0,1,0,0.0,0.0,0.0,0.0,0.0,0.0,3.0,9.0,7.0,1.0,76.0
592,73,B071FHQM3X,4.8,390,0,0,0,16.99,72,1,0,0,0,0,0,1,0,0.0,0.0,0.0,0.0,0.0,0.0,1.0,6.0,11.0,1.0,73.0
593,63,B00SAT6GVK,4.5,2471,128,35,0,13.4,0,39,0,0,0,0,0,1,0,0.0,2.0,8.0,0.0,2.0,12.0,6.0,2.0,0.0,0.0,63.0
594,65,B01M0PB8DZ,4.1,399,42,10,0,11.39,5,15,0,0,0,0,0,1,0,0.0,0.0,0.0,0.0,0.0,0.0,13.0,17.0,2.0,0.0,65.0
595,62,B005HO0AR2,4.6,4538,123,30,0,13.79,5,15,0,0,0,0,0,1,0,1.0,1.0,1.0,7.0,3.0,6.0,4.0,0.0,1.0,2.0,62.0
596,71,B00G2TQNZ4,4.5,3406,159,53,0,15.95,56,1,0,0,0,0,0,1,0,0.0,0.0,0.0,0.0,0.0,0.0,9.0,20.0,2.0,1.0,71.0
597,66,B00C5AHTC0,4.5,1100,18,10,0,6.57,5,16,0,0,0,0,0,1,0,0.0,0.0,0.0,0.0,0.0,17.0,15.0,0.0,0.0,0.0,66.0
598,80,B0000536Y7,4.4,4420,161,32,0,3.46,5,53,0,0,0,0,0,1,0,0.0,0.0,0.0,1.0,6.0,4.0,6.0,5.0,9.0,0.0,80.0
599,77,B0009EILKS,4.0,1343,16,6,3,7.49,17,2,0,0,0,0,0,1,0,0.0,0.0,0.0,0.0,0.0,2.0,9.0,14.0,6.0,1.0,77.0
600,12,B00I3VHKVK,4.3,7164,150,65,0,9.99,75,2,0,0,0,0,0,0,1,0.0,21.0,11.0,0.0,0.0,0.0,0.0,0.0,0.0,0.0,12.0
601,6,B0012DK48C,4.6,212,0,0,0,2.68,33,53,0,0,0,0,0,0,1,19.0,4.0,3.0,0.0,0.0,1.0,1.0,3.0,1.0,0.0,6.0
602,10,B06VXND7JF,4.7,109,9,1,0,18.88,5,6,0,0,0,0,0,0,1,31.0,1.0,0.0,0.0,0.0,0.0,0.0,0.0,0.0,0.0,9.0
603,20,B01G98Y1BA,4.9,1269,48,2,0,10.78,0,2,0,0,0,0,0,0,1,0.0,28.0,4.0,0.0,0.0,0.0,0.0,0.0,0.0,0.0,15.0
604,3,B01K1HPA60,4.4,727,126,19,0,17.95,14,19,0,0,0,0,0,0,1,32.0,0.0,0.0,0.0,0.0,0.0,0.0,0.0,0.0,0.0,3.0
605,15,B009NNFB0O,4.4,5026,231,360,0,12.23,5,1,0,0,0,0,0,0,1,0.0,31.0,1.0,0.0,0.0,0.0,0.0,0.0,0.0,0.0,14.0
606,9,B019SVHLEY,4.2,1785,96,214,0,7.99,60,3,0,0,0,0,0,0,1,0.0,0.0,11.0,21.0,0.0,0.0,0.0,0.0,0.0,0.0,29.0
607,2,B00I6A69TM,4.8,2780,22,42,6,2.98,0,1,0,0,0,0,0,0,1,32.0,0.0,0.0,0.0,0.0,0.0,0.0,0.0,0.0,0.0,2.0
608,16,B00ARF42H0,4.3,6269,397,296,0,19.99,0,14,0,0,0,0,0,0,1,11.0,16.0,5.0,0.0,0.0,0.0,0.0,0.0,0.0,0.0,20.0
609,8,B0013MTHWQ,4.5,850,26,24,16,15.27,5,16,0,0,0,0,0,0,1,24.0,3.0,2.0,3.0,0.0,0.0,0.0,0.0,0.0,0.0,8.0
610,19,B0039LMTHE,4.5,2702,48,23,0,26.23,5,3,0,0,0,0,0,0,1,6.0,21.0,5.0,0.0,0.0,0.0,0.0,0.0,0.0,0.0,16.0
611,7,B0046VGPHQ,4.4,5344,414,83,0,13.1,0,37,0,0,0,0,0,0,1,32.0,0.0,0.0,0.0,0.0,0.0,0.0,0.0,0.0,0.0,2.0
612,1,B004B8AZH0,4.5,4023,59,46,0,33.97,29,1,0,0,0,0,0,0,1,27.0,3.0,2.0,0.0,0.0,0.0,0.0,0.0,0.0,0.0,1.0
613,17,B0018A32XS,4.2,4240,322,85,0,18.39,26,1,0,0,0,0,0,0,1,0.0,12.0,20.0,0.0,0.0,0.0,0.0,0.0,0.0,0.0,19.0
614,18,B0000536EY,4.5,674,20,5,1,3.76,5,53,0,0,0,0,0,0,1,5.0,27.0,0.0,0.0,0.0,0.0,0.0,0.0,0.0,0.0,18.0
615,14,B014HNOXZS,4.2,661,19,0,11,5.75,5,27,0,0,0,0,0,0,1,0.0,26.0,6.0,0.0,0.0,0.0,0.0,0.0,0.0,0.0,13.0
616,4,B071KW9GTT,4.4,30,19,5,0,19.99,0,1,0,0,0,0,0,0,1,32.0,0.0,0.0,0.0,0.0,0.0,0.0,0.0,0.0,0.0,4.0
617,11,B01LA91S28,4.6,589,8,3,0,11.36,5,9,0,0,0,0,0,0,1,14.0,10.0,8.0,0.0,0.0,0.0,0.0,0.0,0.0,0.0,11.0
618,5,B0049LUI9O,4.1,11320,159,124,0,11.99,40,1,0,0,0,0,0,0,1,31.0,1.0,0.0,0.0,0.0,0.0,0.0,0.0,0.0,0.0,5.0
619,13,B01CLXZVHK,4.6,517,8,4,1,9.99,80,1,0,0,0,0,0,0,1,0.0,1.0,2.0,0.0,0.0,0.0,0.0,0.0,0.0,0.0,17.0
620,53,B00MAOCXZ4,3.3,457,0,0,0,5.49,15,9,0,0,0,0,0,0,1,0.0,0.0,0.0,0.0,0.0,15.0,16.0,1.0,0.0,0.0,53.0
621,45,B01JLVS726,4.4,463,44,8,0,11.44,0,19,0,0,0,0,0,0,1,0.0,0.0,0.0,6.0,23.0,2.0,1.0,0.0,0.0,0.0,45.0
622,59,B000NJG82W,4.2,1711,40,14,0,3.4,77,25,0,0,0,0,0,0,1,0.0,12.0,20.0,0.0,0.0,0.0,0.0,0.0,0.0,0.0,29.0
623,50,B01N2VNJXC,4.4,1625,51,5,0,49.99,58,1,0,0,0,0,0,0,1,0.0,0.0,0.0,9.0,5.0,6.0,12.0,0.0,0.0,0.0,50.0
624,60,B01M1H2J7T,4.5,1047,9,1,1,6.97,53,1,0,0,0,0,0,0,1,0.0,0.0,0.0,0.0,1.0,11.0,13.0,7.0,0.0,0.0,60.0
625,42,B016LI8E4S,4.6,6574,22,20,8,9.97,34,1,0,0,0,0,0,0,1,0.0,0.0,0.0,10.0,21.0,1.0,0.0,0.0,0.0,0.0,42.0
626,55,B00LMIVLXY,4.3,2769,99,29,0,14.2,5,1,0,0,0,0,0,0,1,0.0,20.0,12.0,0.0,0.0,0.0,0.0,0.0,0.0,0.0,23.0
627,48,B00J4YYFYA,4.8,125,1,1,0,4.47,0,1,0,0,0,0,0,0,1,0.0,0.0,0.0,0.0,4.0,9.0,7.0,4.0,0.0,0.0,48.0
628,44,B008O47ILI,4.5,239,13,14,0,2.29,0,33,0,0,0,0,0,0,1,0.0,0.0,0.0,15.0,12.0,5.0,0.0,0.0,0.0,0.0,44.0
629,56,B003JFJF5E,3.8,376,45,20,0,6.64,5,8,0,0,0,0,0,0,1,0.0,0.0,0.0,0.0,2.0,5.0,11.0,6.0,7.0,1.0,56.0
630,57,B0019LWU2K,4.7,1385,87,48,0,6.06,33,38,0,0,0,0,0,0,1,0.0,0.0,0.0,2.0,9.0,11.0,8.0,2.0,0.0,0.0,57.0
631,41,B00005AUIE,3.8,1600,13,26,4,20.38,5,8,0,0,0,0,0,0,1,0.0,6.0,6.0,10.0,6.0,4.0,0.0,0.0,0.0,0.0,41.0
632,43,B00JA1AHRG,4.3,176,8,0,0,4.93,0,17,0,0,0,0,0,0,1,32.0,0.0,0.0,0.0,0.0,0.0,0.0,0.0,0.0,0.0,3.0
633,58,B06XRX3XYS,2.8,231,4,0,1,12.99,68,1,0,0,0,0,0,0,1,0.0,0.0,0.0,0.0,0.0,9.0,10.0,7.0,2.0,4.0,58.0
634,52,B01LZ3RLPC,4.5,132,11,0,0,9.98,72,2,0,0,0,0,0,0,1,0.0,0.0,0.0,0.0,2.0,7.0,13.0,4.0,2.0,1.0,52.0
635,54,B01BSB56OY,4.6,597,19,0,0,7.89,0,14,0,0,0,0,0,0,1,0.0,0.0,0.0,0.0,0.0,8.0,18.0,5.0,0.0,0.0,54.0
636,46,B071Y4QDMN,3.8,102,17,3,2,14.99,0,1,0,0,0,0,0,0,1,0.0,0.0,1.0,1.0,6.0,12.0,2.0,0.0,9.0,1.0,46.0
637,49,B0039LMTBU,4.1,1700,16,2,2,13.24,5,5,0,0,0,0,0,0,1,0.0,0.0,0.0,11.0,10.0,1.0,0.0,1.0,3.0,0.0,49.0
638,51,B003FBI9LS,4.1,3484,173,25,0,19.9,29,53,0,0,0,0,0,0,1,10.0,3.0,18.0,0.0,0.0,1.0,0.0,0.0,0.0,0.0,51.0
639,47,B00WO69JOQ,4.3,725,29,17,0,8.99,55,1,0,0,0,0,0,0,1,0.0,0.0,0.0,2.0,27.0,3.0,0.0,0.0,0.0,0.0,47.0
640,35,B00QPNVC0I,4.4,1522,39,7,0,8.78,5,15,0,0,0,0,0,0,1,32.0,0.0,0.0,0.0,0.0,0.0,0.0,0.0,0.0,0.0,5.0
641,31,B000FYVOJC,4.3,3677,79,20,0,19.94,0,100,0,0,0,0,0,0,1,0.0,10.0,9.0,13.0,0.0,0.0,0.0,0.0,0.0,0.0,31.0
642,33,B01EWBYUDU,4.2,1695,37,34,0,7.99,73,3,0,0,0,0,0,0,1,0.0,1.0,11.0,15.0,5.0,0.0,0.0,0.0,0.0,0.0,33.0
643,23,B00H2B4H2M,4.1,2275,212,80,0,14.99,25,17,0,0,0,0,0,0,1,17.0,15.0,0.0,0.0,0.0,0.0,0.0,0.0,0.0,0.0,5.0
644,27,B00KOW827M,4.4,4302,97,22,0,8.99,75,2,0,0,0,0,0,0,1,32.0,0.0,0.0,0.0,0.0,0.0,0.0,0.0,0.0,0.0,2.0
645,36,B00UKVNSLC,4.4,968,113,13,0,39.97,52,10,0,0,0,0,0,0,1,19.0,6.0,2.0,5.0,0.0,0.0,0.0,0.0,0.0,0.0,10.0
646,21,B000050FDY,4.6,625,28,5,0,8.99,36,22,0,0,0,0,0,0,1,19.0,2.0,6.0,4.0,1.0,0.0,0.0,0.0,0.0,0.0,4.0
647,34,B003S516XO,4.4,4119,228,34,0,19.96,0,18,0,0,0,0,0,0,1,24.0,8.0,0.0,0.0,0.0,0.0,0.0,0.0,0.0,0.0,9.0
648,25,B000VDEQBK,4.5,171,4,1,0,5.99,0,1,0,0,0,0,0,0,1,0.0,0.0,30.0,2.0,0.0,0.0,0.0,0.0,0.0,0.0,25.0
649,30,B001VEK1HQ,4.4,2399,120,36,0,37.99,5,15,0,0,0,0,0,0,1,0.0,0.0,22.0,7.0,1.0,1.0,0.0,0.0,0.0,0.0,30.0
650,22,B000068PBT,4.5,5480,319,54,0,29.95,0,46,0,0,0,0,0,0,1,0.0,5.0,27.0,0.0,0.0,0.0,0.0,0.0,0.0,0.0,22.0
651,40,B00LIBEBTG,4.6,787,24,4,0,9.98,47,1,0,0,0,0,0,0,1,17.0,15.0,0.0,0.0,0.0,0.0,0.0,0.0,0.0,0.0,6.0
652,28,B003983HZK,4.5,4625,87,15,0,27.62,0,1,0,0,0,0,0,0,1,0.0,8.0,10.0,6.0,1.0,0.0,0.0,0.0,0.0,0.0,28.0
653,32,B013SJMB10,4.3,1477,38,6,0,6.99,65,3,0,0,0,0,0,0,1,0.0,0.0,0.0,26.0,4.0,1.0,0.0,0.0,0.0,0.0,32.0
654,38,B004BCXAM8,4.1,2393,35,7,0,5.69,5,11,0,0,0,0,0,0,1,13.0,9.0,5.0,4.0,0.0,0.0,0.0,0.0,0.0,1.0,11.0
655,29,B00GZG4KSG,4.3,518,37,8,0,16.19,46,9,0,0,0,0,0,0,1,27.0,5.0,0.0,0.0,0.0,0.0,0.0,0.0,0.0,0.0,8.0
656,24,B00R6P72JO,4.8,7968,92,45,0,7.39,0,9,0,0,0,0,0,0,1,0.0,0.0,19.0,11.0,2.0,0.0,0.0,0.0,0.0,0.0,24.0
657,26,B01D328BG6,4.2,1991,203,32,0,34.95,0,1,0,0,0,0,0,0,1,3.0,12.0,17.0,0.0,0.0,0.0,0.0,0.0,0.0,0.0,26.0
658,39,B00BVO6RT2,4.3,368,20,1,0,13.99,0,9,0,0,0,0,0,0,1,0.0,0.0,0.0,3.0,15.0,4.0,0.0,5.0,0.0,5.0,39.0
659,37,B01AAQD2NU,4.4,2321,87,28,0,29.99,57,18,0,0,0,0,0,0,1,19.0,13.0,0.0,0.0,0.0,0.0,0.0,0.0,0.0,0.0,9.0
660,63,B01EMW5MY0,4.0,93,0,0,0,0.0,0,1,0,0,0,0,0,0,1,0.0,0.0,0.0,0.0,5.0,7.0,5.0,2.0,0.0,0.0,63.0
661,73,B0084AWBRS,4.7,702,24,5,8,4.27,29,10,0,0,0,0,0,0,1,0.0,0.0,0.0,0.0,0.0,2.0,19.0,11.0,0.0,0.0,73.0
662,62,B00V75EUWQ,4.1,779,27,5,0,8.99,0,4,0,0,0,0,0,0,1,0.0,0.0,0.0,0.0,2.0,9.0,14.0,6.0,0.0,1.0,62.0
663,64,B003YJAZZ4,4.4,4774,609,238,0,154.32,47,41,0,0,0,0,0,0,1,0.0,0.0,2.0,8.0,3.0,0.0,5.0,12.0,2.0,0.0,64.0
664,76,B003KWVOD2,4.5,4625,87,15,0,15.64,13,10,0,0,0,0,0,0,1,0.0,0.0,0.0,0.0,0.0,6.0,10.0,12.0,0.0,2.0,76.0
665,70,B0039LMTBA,4.5,2702,48,23,0,18.97,5,8,0,0,0,0,0,0,1,0.0,0.0,0.0,5.0,3.0,5.0,8.0,2.0,2.0,2.0,70.0
666,69,B06XZRNHVB,4.3,150,0,0,0,5.9,63,1,0,0,0,0,0,0,1,0.0,0.0,0.0,0.0,0.0,0.0,2.0,2.0,0.0,0.0,69.0
667,75,B001ECQ7G4,4.4,2858,111,7,0,20.2,0,17,0,0,0,0,0,0,1,0.0,0.0,0.0,0.0,1.0,8.0,3.0,12.0,6.0,2.0,75.0
668,68,B013SJWE2G,4.5,915,29,13,0,6.99,0,3,0,0,0,0,0,0,1,0.0,0.0,0.0,0.0,0.0,0.0,10.0,10.0,5.0,7.0,68.0
669,77,B0182XCOGE,4.6,2491,66,14,0,11.28,0,1,0,0,0,0,0,0,1,0.0,0.0,1.0,9.0,19.0,1.0,0.0,0.0,0.0,0.0,38.0
670,80,B000XVSNTQ,4.3,1472,19,1,8,9.49,5,20,0,0,0,0,0,0,1,0.0,0.0,0.0,0.0,0.0,11.0,7.0,13.0,1.0,0.0,80.0
671,74,B01F88BMC8,4.3,292,6,6,0,8.49,65,1,0,0,0,0,0,0,1,9.0,23.0,0.0,0.0,0.0,0.0,0.0,0.0,0.0,0.0,12.0
672,66,B0050QJHTO,4.2,6469,335,92,0,23.71,5,14,0,0,0,0,0,0,1,0.0,11.0,14.0,7.0,0.0,0.0,0.0,0.0,0.0,0.0,32.0
673,78,B00E4PMQAO,4.5,5242,80,53,0,17.95,22,2,0,0,0,0,0,0,1,0.0,0.0,0.0,0.0,11.0,1.0,1.0,10.0,9.0,0.0,78.0
674,67,B003983I1S,4.5,3143,44,33,0,28.47,5,1,0,0,0,0,0,0,1,0.0,1.0,5.0,9.0,5.0,4.0,7.0,1.0,0.0,0.0,67.0
675,71,B00VPVEVSK,4.7,974,15,0,1,7.75,66,1,0,0,0,0,0,0,1,0.0,0.0,0.0,0.0,0.0,0.0,13.0,16.0,2.0,1.0,71.0
676,61,B01859QHAY,4.3,770,83,38,0,39.95,20,14,0,0,0,0,0,0,1,0.0,0.0,0.0,0.0,8.0,9.0,7.0,8.0,0.0,0.0,61.0
677,72,B00821ZHMK,4.5,5456,102,42,0,8.99,36,25,0,0,0,0,0,0,1,0.0,0.0,3.0,9.0,11.0,9.0,0.0,0.0,0.0,0.0,36.0
678,65,B0168MB6BA,4.5,523,17,7,3,28.32,5,7,0,0,0,0,0,0,1,0.0,0.0,0.0,0.0,2.0,8.0,10.0,5.0,5.0,2.0,65.0
679,79,B0043OYFKU,4.3,7060,319,78,0,24.99,0,4,0,0,0,0,0,0,1,0.0,0.0,0.0,0.0,0.0,0.0,0.0,11.0,7.0,2.0,79.0
680,98,B002V0ZY2Q,4.4,2211,6,6,0,4.39,0,1,0,0,0,0,0,0,1,0.0,0.0,0.0,0.0,0.0,0.0,0.0,1.0,7.0,3.0,98.0
681,88,B003EMNITQ,4.3,691,9,2,2,19.45,5,1,0,0,0,0,0,0,1,0.0,0.0,1.0,0.0,5.0,4.0,4.0,10.0,6.0,2.0,88.0
682,81,B01JSVXHFG,4.2,318,160,8,0,13.99,0,1,0,0,0,0,0,0,1,0.0,0.0,0.0,0.0,0.0,7.0,3.0,0.0,11.0,6.0,81.0
683,94,B009WUA658,4.1,1198,20,7,1,9.19,16,1,0,0,0,0,0,0,1,0.0,0.0,0.0,0.0,0.0,0.0,2.0,10.0,9.0,9.0,94.0
684,87,B00TKS5Y3Q,4.7,5320,40,31,0,13.26,67,1,0,0,0,0,0,0,1,0.0,0.0,0.0,0.0,0.0,0.0,0.0,3.0,13.0,2.0,87.0
685,89,B01N57TNDN,3.7,499,6,6,1,6.99,75,1,0,0,0,0,0,0,1,0.0,0.0,0.0,0.0,0.0,0.0,0.0,0.0,6.0,13.0,89.0
686,92,B009WQH8SA,4.5,1784,37,10,0,5.98,5,19,0,0,0,0,0,0,1,0.0,0.0,0.0,0.0,1.0,1.0,6.0,4.0,11.0,9.0,92.0
687,93,B00B1M0XCG,4.3,1532,65,24,0,9.57,0,4,0,0,0,0,0,0,1,14.0,3.0,15.0,0.0,0.0,0.0,0.0,0.0,0.0,0.0,14.0
688,82,B00BPBLMCS,4.4,1715,81,124,0,32.95,23,10,0,0,0,0,0,0,1,0.0,0.0,0.0,0.0,0.0,0.0,0.0,1.0,18.0,9.0,82.0
689,99,B002EP9OUG,4.1,2807,212,65,0,44.5,0,28,0,0,0,0,0,0,1,0.0,0.0,0.0,0.0,0.0,0.0,0.0,0.0,0.0,2.0,99.0
690,96,B00CGN9LQ8,4.3,4300,73,30,0,10.77,51,1,0,0,0,0,0,0,1,0.0,0.0,0.0,0.0,8.0,18.0,6.0,0.0,0.0,0.0,50.0
691,100,B00JL4HERS,4.3,1207,40,2,0,1.71,0,10,0,0,0,0,0,0,1,0.0,0.0,0.0,0.0,0.0,0.0,0.0,0.0,0.0,1.0,100.0
692,97,B00YNF6H1O,4.2,1848,25,1992,0,7.95,87,1,0,0,0,0,0,0,1,0.0,0.0,0.0,0.0,0.0,0.0,0.0,3.0,10.0,7.0,97.0
693,84,B0009DT39C,4.2,2464,122,60,0,19.99,0,1,0,0,0,0,0,0,1,0.0,0.0,0.0,0.0,0.0,0.0,1.0,12.0,13.0,6.0,84.0
694,83,B0037HP9OA,4.1,3591,332,132,0,59.95,14,20,0,0,0,0,0,0,1,0.0,0.0,0.0,0.0,0.0,3.0,5.0,5.0,6.0,13.0,83.0
695,95,B01D328DG4,4.5,272,4,2,0,23.7,5,7,0,0,0,0,0,0,1,0.0,0.0,0.0,1.0,1.0,1.0,0.0,0.0,15.0,14.0,95.0
696,91,B000AAAVZE,3.3,809,19,5,1,4.27,5,18,0,0,0,0,0,0,1,0.0,0.0,0.0,0.0,0.0,0.0,0.0,2.0,3.0,13.0,91.0
697,90,B01HIPSFV0,4.8,861,8,1,3,9.97,33,1,0,0,0,0,0,0,1,0.0,0.0,0.0,0.0,0.0,0.0,1.0,9.0,15.0,7.0,90.0
698,85,B00GJ1UK3G,4.0,1124,48,9,0,9.99,0,1,0,0,0,0,0,0,1,0.0,23.0,5.0,3.0,0.0,0.0,0.0,0.0,0.0,0.0,13.0
699,86,B01HTGNIH4,4.4,710,26,0,0,6.99,73,1,0,0,0,0,0,0,1,0.0,0.0,0.0,0.0,0.0,0.0,0.0,5.0,11.0,4.0,86.0
